ID,Country or Subregion,Serotype,Year,In / Out of Subregions,EW,Country_sp,Iso3166,Report ,Type,(C/TC) x100 (e),(SD/D) x100 (e),0,CFR (f),Confirmed,Deaths,Epidemiological Week (a),Incidence Rate (c),Lab Confirm Incidence rate,Number of Records,Population X 1000,Severe Dengue (d),Total of Dengue Cases (b)
6,Grenada,  ,2025,Out,53,Granada,308,01/01/2025,Preliminar,0,2.304147465,0,0,0,0,53,185.47,0,1,117,5,217
6,Anguilla,DEN 1,2019,Out,53,Anguila,660,01/01/2019,Preliminar,33.33333333,0,0,0,2,0,44,42.86,14.29,1,14,0,6
6,Curaçao,  ,2024,Out,53,Curazao,531,01/01/2024,Preliminar,87.02290076,0,0,0,228,0,12,141.62,123.24,1,185,0,262
6,Jamaica,DEN 2,2024,Out,53,Jamaica,388,01/01/2024,Preliminar,2.114060964,0,0,0.049,43,1,51,71.64,1.51,1,2839,0,2034
6,Antigua and Barbuda,"DEN 1,2",2024,Out,53,Antigua y Barbuda,28,01/01/2024,Preliminar,10.0591716,0,0,0,17,0,48,181.72,18.28,1,93,0,169
6,Curaçao,  ,2017,Out,53,Curazao,531,01/01/2017,Preliminar,,,0,,0,0,52,0,0,1,168,0,0
6,Jamaica,DEN 3,2017,Out,53,Jamaica,388,01/01/2017,Final,0,17.67441861,0,2.791,0,6,52,7.64,0,1,2815,38,215
5,Cuba,DEN 2,2018,Out,53,Cuba,192,01/01/2018,Preliminar,100,0,0,0,2128,0,52,18.95,18.95,1,11227,0,2128
2,Honduras,"DEN 1,2",2019,Out,53,Honduras,340,01/01/2019,Preliminar,0.136216069,14.71663274,0,0.136,180,180,52,"1,329.01",1.81,1,9943,19447,132143
2,Belize,DEN 3,2016,Out,53,Belice,84,01/01/2016,Final,2.670176758,,0,,71,,52,730.49,19.51,1,364,,2659
2,Panama,DEN 1,2020,Out,53,Panamá,591,01/01/2020,Final,45.84900928,0.275896664,0,0.15,1828,6,53,92.87,42.58,1,4293,11,3987
3,Venezuela,"DEN 1,2,3",2020,Out,53,Venezuela,862,01/01/2020,Preliminar,4.523136438,0.461240887,0,0.208,304,14,53,23.63,1.07,1,28444,31,6721
2,Costa Rica,"DEN 1,2",2020,Out,53,Costa Rica,188,01/01/2020,preliminar,4.23627685,0.208830549,0,0,426,0,53,199.76,8.46,1,5034,21,10056
6,Bermuda,  ,2020,Out,53,Bermuda,60,01/01/2020,Preliminar,,,0,,0,0,53,0,0,1,64,0,0
6,"Bonaire, Saint Eustatius and Saba",  ,2020,Out,53,"Bonaire, San Eustaquio y Saba",535,01/01/2020,Preliminar,,,0,,0,0,53,0,0,1,26,0,0
6,Cayman Islands,DEN 2,2020,Out,53,Islas Caimán,136,01/01/2020,Preliminar,2.857142857,0,0,0,1,0,53,51.47,1.47,1,68,0,35
6,Curaçao,  ,2020,Out,53,Curazao,531,01/01/2020,Preliminar,,,0,,0,0,53,0,0,1,185,0,0
6,Dominica,"DEN 2,3",2020,Out,53,Dominica,212,01/01/2020,Preliminar,15.90909091,1.136363636,0,0,14,0,53,131.34,20.9,1,67,1,88
6,Grenada,DEN 3,2020,Out,53,Granada,308,01/01/2020,Preliminar,67.58893281,1.581027668,0,0,171,0,53,218.1,147.41,1,116,4,253
6,Saint Kitts and Nevis,DEN 3,2020,Out,53,Saint Kitts y Nevis,659,01/01/2020,Preliminar,10,0,0,0,2,0,53,43.48,4.35,1,46,0,20
6,Sint Maarten,  ,2020,Out,53,Isla de San Martín (Holanda),534,01/01/2020,Preliminar,100,0,0,0,9,0,53,21.95,21.95,1,41,0,9
6,Trinidad and Tobago,  ,2020,Out,53,Trinidad y Tobago,780,01/01/2020,Preliminar,3.389830508,0,0,0,2,0,53,3.98,0.14,1,1481,0,59
6,Barbados,  ,2020,Out,53,Barbados,52,01/01/2020,Preliminar,8.062130178,0.369822485,0,0.074,109,1,53,481.14,38.79,1,281,5,1352
2,Belize,"DEN 1,3",2020,Out,53,Belice,84,01/01/2020,Preliminar,20.8606174,0,0,0,223,0,53,274.1,57.18,1,390,0,1069
4,Brazil,"DEN 1,2,3,4",2020,Out,53,Brasil,76,01/01/2020,Preliminar,52.14996231,0.056436255,0,0.038,765114,554,53,703.13,366.68,1,208660,828,1467142
3,Peru,"DEN 1,2,3",2025,Out,53,Perú,604,01/01/2025,Preliminar,87.37344113,0.492208819,0,0.143,34260,56,53,113.41,99.09,1,34576,193,39211
6,Sint Maarten,  ,2025,Out,53,Isla de San Martín (Holanda),534,01/01/2025,Preliminar,100,0,0,0,8,0,28,18.6,18.6,1,43,0,8
6,Martinique,DEN 2,2017,Out,53,Martinica,474,01/01/2017,Preliminar,7.079646018,0,0,0,8,0,46,30.46,2.16,1,371,0,113
2,Costa Rica,"DEN 1,2,3",2015,Out,53,Costa Rica,188,01/01/2015,Final,0,0.034494653,0,0,0,0,52,361.02,0,1,4818,6,17394
6,Jamaica,"DEN 2,4",2023,Out,53,Jamaica,388,01/01/2023,Preliminar,18.75305624,0,0,0.073,1534,6,52,288.13,54.03,1,2839,0,8180
6,Dominica,  ,2018,Out,53,Dominica,212,01/01/2018,Preliminar,2.222222222,0,0,0,1,0,52,66.18,1.47,1,68,0,45
6,Antigua and Barbuda,  ,2025,Out,53,Antigua y Barbuda,28,01/01/2025,Preliminar,66.66666667,0,0,0,10,0,44,15.96,10.64,1,94,0,15
6,Guyana,  ,2025,Out,53,Guyana,328,01/01/2025,Preliminar,21.74546077,3.290224963,0,0.01,15234,7,52,"8,389.94","1,824.43",1,835,2305,70056
4,Argentina,"DEN 1,2,3",2025,Out,53,Argentina,32,01/01/2025,Preliminar,45.95988214,0.26631913,0,0.074,8111,13,53,38.49,17.69,1,45851,47,17648
6,Antigua and Barbuda,  ,2017,Out,53,Antigua y Barbuda,28,01/01/2017,Preliminar,0,0,0,0,0,0,52,1.11,0,1,90,0,1
6,Trinidad and Tobago,  ,2017,Out,53,Trinidad y Tobago,780,01/01/2017,Preliminar,2.666666667,0,0,0,8,0,52,20.76,0.55,1,1445,0,300
6,Guyana,DEN 3,2024,Out,53,Guyana,328,01/01/2024,Preliminar,24.67930722,2.667040988,0,0.017,11428,8,52,"5,572.32","1,375.21",1,831,1235,46306
6,Saint Barthelemy,  ,2017,Out,53,San Bartolomé,652,01/01/2017,Preliminar,0,0,0,0,0,0,46,611.11,0,1,9,0,55
6,Grenada,  ,2017,Out,53,Granada,308,01/01/2017,Preliminar,100,0,0,0,239,0,52,207.83,207.83,1,115,0,239
5,Cuba,"DEN 2,3",2017,Out,53,Cuba,192,01/01/2017,Preliminar,100,1.522435897,0,0,1248,0,52,11.1,11.1,1,11247,19,1248
6,Suriname,  ,2017,Out,53,Suriname,740,01/01/2017,Preliminar,0,0,0,0,0,0,52,0.17,0,1,593,0,1
3,Bolivia,"DEN 1,3",2017,Out,53,Bolivia,68,01/01/2017,Final,9.241156908,0.68527663,0,0.02,917,2,52,87.47,8.08,1,11344,68,9923
6,Barbados,  ,2018,Out,53,Barbados,52,01/01/2018,Final,0,0,0,0,0,0,52,23.93,0,1,280,0,67
3,Bolivia,"DEN 1,4",2015,Out,53,Bolivia,68,01/01/2015,Final,8.974500904,0.317354884,0,0.004,2432,1,52,246.04,22.08,1,11014,86,27099
4,Brazil,"DEN 1,2,3,4",2016,Out,53,Brasil,76,01/01/2016,Final,46.79826272,0.041927834,0,0.032,1039147,707,52,"1,092.66",511.35,1,203218,931,2220482
5,Puerto Rico,"DEN 1,2,3,4",2025,Out,53,Puerto Rico,630,01/01/2025,Preliminar,76.58933414,3.886712865,0,0.06,2542,2,51,102.6,78.58,1,3235,129,3319
2,Costa Rica,"DEN 1,2,3,4",2025,Out,53,Costa Rica,188,01/01/2025,Preliminar,55.93952484,0,0,0,3367,0,52,116.83,65.35,1,5152,0,6019
4,Argentina,"DEN 1,3",2017,Out,53,Argentina,32,01/01/2017,Preliminar,45.60143627,1.256732496,0,0,254,0,52,1.26,0.57,1,44288,7,557
6,Suriname,"DEN 2,4",2020,Out,53,Suriname,740,01/01/2020,Preliminar,49.20071048,0,0,0,277,0,53,91.99,45.26,1,612,0,563
6,Martinique,"DEN 1,2,3",2020,Out,53,Martinica,474,01/01/2020,Preliminar,37.89122785,0.145070683,0,0.052,12276,17,53,"9,100.56","3,448.31",1,356,47,32398
6,Guadeloupe,"DEN 1,2,3",2020,Out,53,Guadalupe,312,01/01/2020,Preliminar,1.453083939,0.01545834,0,0.01,282,2,53,"4,768.30",69.29,1,407,3,19407
6,Saint Martin,"DEN 1,2,3",2020,Out,53,Isla de San Martín (Francia),663,01/01/2020,Preliminar,17.83625731,0.036549708,0,0.037,488,1,53,"8,825.81","1,574.19",1,31,1,2736
6,Saint Barthelemy,"DEN 1,2",2020,Out,53,San Bartolomé,652,01/01/2020,Preliminar,55.01237624,0,0,0,889,0,53,"16,160.00","8,890.00",1,10,0,1616
2,Honduras,"DEN 1,2,3",2018,Out,53,Honduras,340,01/01/2018,Preliminar,,14.75698816,0,0.038,,3,52,81.33,,1,9765,1172,7942
1,United States of America,DEN 1,2015,Out,53,Estados Unidos de América,840,01/01/2015,Final,100,0.634920635,0,0,945,0,52,0.29,0.29,1,326126,6,945
3,Bolivia,"DEN 1,2",2021,Out,53,Bolivia,68,01/01/2021,Preliminar,26.84698782,0.234715547,0,0.022,2402,2,52,74.95,20.12,1,11937,21,8947
3,Ecuador,DEN 1,2018,Out,53,Ecuador,218,01/01/2018,Preliminar,4.227170055,0.193610842,0,0.032,131,1,52,18.18,0.77,1,17049,6,3099
6,Bahamas,  ,2018,Out,53,Bahamas,44,01/01/2018,Preliminar,0,0,0,0,0,0,52,2.55,0,1,392,0,10
6,Dominica,  ,2017,Out,53,Dominica,212,01/01/2017,Preliminar,0,0,0,0,0,0,28,48.53,0,1,68,0,33
2,Costa Rica,"DEN 1,2",2021,Out,53,Costa Rica,188,01/01/2021,Preliminar,4.831851566,0.057982219,0,0,250,0,52,102.27,4.94,1,5059,3,5174
3,Peru,"DEN 1,2,3",2023,Out,53,Perú,604,01/01/2023,Preliminar,98.03772585,0.396273394,0,0.173,251605,444,52,758.28,743.4,1,33845,1017,256641
4,Uruguay,  ,2017,Out,53,Uruguay,858,01/01/2017,Preliminar,,,0,,0,0,52,0,0,1,3388,0,0
6,Anguilla,"DEN 1,4",2014,Out,53,Anguila,660,01/01/2014,Preliminar,9.302325581,0,0,0,8,0,53,661.54,61.54,1,13,0,86
4,Chile,"DEN 1,3",2017,Out,53,Chile,152,01/01/2017,Preliminar,100,0,0,0,10,0,38,0.05,0.05,1,18558,0,10
1,United States of America,  ,2018,Out,53,Estados Unidos de América,840,01/01/2018,Preliminar,100,1.812688822,0,0,331,0,52,0.1,0.1,1,335056,6,331
6,Anguilla,  ,2025,Out,53,Anguila,660,01/01/2025,Preliminar,100,0,0,0,3,0,49,21.43,21.43,1,14,0,3
2,El Salvador,DEN 2,2018,Out,53,El Salvador,222,01/01/2018,Preliminar,9.339488636,1.870265152,0,0.095,789,8,52,135.84,12.69,1,6219,158,8448
3,Colombia,"DEN 1,2,3,4",2021,Out,53,Colombia,170,01/01/2021,Preliminar,55.00056249,1.796227547,0,0.081,29334,43,52,104.19,57.31,1,51188,958,53334
2,Honduras,"DEN 1,2",2020,Out,53,Honduras,340,01/01/2020,Preliminar,0.297855441,7.092930898,0,0.04,75,10,53,248.84,0.74,1,10119,1786,25180
2,Guatemala,"DEN 1,2,3,4",2018,Out,53,Guatemala,320,01/01/2018,Preliminar,28.34562698,1.02739726,0,0.29,2152,22,52,45.07,12.78,1,16845,78,7592
2,Costa Rica,"DEN 1,2",2017,Out,53,Costa Rica,188,01/01/2017,final,1.906131991,0.035964755,0,0,106,0,52,113.19,2.16,1,4913,2,5561
3,Ecuador,"DEN 1,2,4",2016,Out,53,Ecuador,218,01/01/2016,Final,100,0.275443181,0,0.028,14159,4,52,85.79,85.79,1,16505,39,14159
4,Brazil,"DEN 1,2",2021,Out,53,Brasil,76,01/01/2021,Preliminar,42.45669285,0.038032792,0,0.025,414154,239,52,465.51,197.64,1,209550,371,975474
6,Barbados,DEN 1,2014,Out,53,Barbados,52,01/01/2014,Final,18.22238751,0.074377092,0,0,490,0,53,967.27,176.26,1,278,2,2689
2,Nicaragua,DEN 2,2016,Out,53,Nicaragua,558,01/01/2016,Final,7.478832958,,0,0.018,6616,16,52,"1,419.50",106.16,1,6232,,88463
5,Cuba,"Den 1,2",2021,Out,53,Cuba,192,01/01/2021,Preliminar,,,0,,,,52,10.43,,1,11122,,1160
3,Ecuador,"DEN 1,2",2021,Out,53,Ecuador,218,01/01/2021,Preliminar,100,0.357677993,0,0.097,20689,20,52,117.01,117.01,1,17682,74,20689
2,Costa Rica,"DEN 1,2,3",2016,Out,53,Costa Rica,188,01/01/2016,Final,0,0.09005532,0,0,0,0,52,479.22,0,1,4866,21,23319
6,Bermuda,  ,2018,Out,53,Bermuda,60,01/01/2018,Preliminar,,,0,,0,0,52,0,0,1,63,0,0
3,Peru,"DEN 1,2,3,4",2017,Out,53,Perú,604,01/01/2017,Preliminar,35.79961363,0.329859514,0,0.1,27241,76,52,242.92,86.97,1,31324,251,76093
6,Anguilla,  ,2018,Out,53,Anguila,660,01/01/2018,Preliminar,0,0,0,0,0,0,52,7.14,0,1,14,0,1
6,Bahamas,"DEN 1,2",2014,Out,53,Bahamas,44,01/01/2014,Preliminar,9.589041096,0,0,0,14,0,53,38.22,3.66,1,382,0,146
6,Aruba,  ,2017,Out,53,Aruba,533,01/01/2017,Preliminar,1.326412918,0,0,,23,,52,"1,651.43",21.9,1,105,0,1734
6,Bahamas,  ,2017,Out,53,Bahamas,44,01/01/2017,Preliminar,0,0,0,0,0,0,52,3.59,0,1,390,0,14
6,Aruba,  ,2018,Out,53,Aruba,533,01/01/2018,Preliminar,100,0,0,0,9,0,52,8.49,8.49,1,106,0,9
2,El Salvador,DEN 2,2019,Out,53,El Salvador,222,01/01/2019,Preliminar,2.795777212,0.385875501,0,0.051,768,14,52,441.5,12.34,1,6222,106,27470
6,Jamaica,"DEN 2,3",2019,Out,53,Jamaica,388,01/01/2019,Preliminar,1.81336863,0.039708802,0,0.318,137,24,52,267.62,4.85,1,2823,3,7555
5,Puerto Rico,  ,2018,Out,53,Puerto Rico,630,01/01/2018,Preliminar,,,0,,0,0,52,0,0,1,3290,0,0
2,Nicaragua,DEN 2,2017,Out,53,Nicaragua,558,01/01/2017,Preliminar,3.880269502,,0,0.003,2511,2,52,"1,024.57",39.76,1,6316,,64712
3,Ecuador,"DEN 1,2,3,4",2015,Out,53,Ecuador,218,01/01/2015,Final,3.383325878,0.131848468,0,0.019,1437,8,52,261.12,8.83,1,16266,56,42473
4,Paraguay,"DEN 1,2",2017,Out,53,Paraguay,600,01/01/2017,Preliminar,33.62445415,0,0,0,616,0,52,28.91,9.72,1,6338,0,1832
2,Belize,DEN 2,2015,Out,53,Belice,84,01/01/2015,Final,13.06173877,4.871902562,0,0,311,0,52,668.82,87.36,1,356,116,2381
6,Cayman Islands,  ,2017,Out,53,Islas Caimán,136,01/01/2017,Preliminar,0,0,0,0,0,0,52,48.44,0,1,64,0,31
6,Guadeloupe,  ,2017,Out,53,Guadalupe,312,01/01/2017,Preliminar,0.185185185,0,0,0,1,0,46,131.07,0.24,1,412,0,540
2,Mexico,"DEN 1,2,3,4",2019,Out,53,México,484,01/01/2019,Preliminar,16.15224728,1.326091977,0,0.157,43362,421,52,213.47,34.48,1,125762,3560,268458
4,Paraguay,"DEN 1,4",2018,Out,53,Paraguay,600,01/01/2018,Preliminar,10.55038784,,0,0.046,3414,15,52,503.49,53.12,1,6427,,32359
5,Puerto Rico,  ,2017,Out,53,Puerto Rico,630,01/01/2017,Final,,,0,,0,0,52,0,0,1,3371,0,0
2,Mexico,"DEN 1,2,3,4",2018,Out,53,México,484,01/01/2018,Preliminar,16.16107656,1.091311482,0,0.057,12706,45,52,63.11,10.2,1,124573,858,78621
6,Saint Martin,  ,2017,Out,53,Isla de San Martín (Francia),663,01/01/2017,Preliminar,0,0,0,0,0,0,46,547.22,0,1,36,0,197
6,Montserrat,  ,2024,Out,53,Montserrat,500,01/01/2024,Preliminar,100,0,0,0,3,0,48,75,75,1,4,0,3
6,Saint Kitts and Nevis,  ,2017,Out,53,Saint Kitts y Nevis,659,01/01/2017,Preliminar,10,0,0,0,1,0,52,21.28,2.13,1,47,0,10
6,Suriname,"DEN 2,3",2023,Out,53,Suriname,740,01/01/2023,Preliminar,94.32624114,1.063829787,0,1.064,266,3,52,44.9,42.36,1,628,3,282
6,Suriname,DEN 3,2024,Out,53,Suriname,740,01/01/2024,Preliminar,91.57894737,3.157894737,0,3.158,87,3,20,14.98,13.72,1,634,3,95
3,Peru,"DEN 1,2",2020,Out,53,Perú,604,01/01/2020,Preliminar,63.19998581,0.216335071,0,0.156,35641,88,53,171.73,108.54,1,32838,122,56394
2,Mexico,"DEN 1,2,3,4",2020,Out,53,México,484,01/01/2020,Preliminar,20.15351586,0.876996659,0,0.065,24313,79,53,95.14,19.17,1,126799,1058,120639
4,Paraguay,"DEN 1,2,4",2020,Out,53,Paraguay,600,01/01/2020,Preliminar,27.74575256,0.074626199,0,0.034,62090,75,53,"3,389.10",940.33,1,6603,167,223782
6,French Guiana,  ,2017,Out,53,Guayana Francesa,254,01/01/2017,Preliminar,0,0,0,0,0,0,37,226.45,0,1,276,0,625
6,Virgin Islands (US),  ,2014,Out,53,Islas Vírgenes (EUA),850,01/01/2014,Preliminar,100,0,0,0,19,0,53,18.81,18.81,1,101,0,19
6,Anguilla,  ,2017,Out,53,Anguila,660,01/01/2017,Preliminar,9.090909091,0,0,,2,,52,157.14,14.29,1,14,0,22
6,Montserrat,  ,2017,Out,53,Montserrat,500,01/01/2017,Preliminar,,,0,,0,0,52,0,0,1,4,0,0
4,Uruguay,"DEN 1,2",2024,Out,53,Uruguay,858,01/01/2024,Preliminar,100,0.175592625,0,0.176,1139,2,52,33.64,33.64,1,3386,2,1139
6,Bermuda,  ,2024,Out,53,Bermuda,60,01/01/2024,Preliminar,66.66666667,0,0,0,2,0,52,4.69,3.13,1,64,0,3
6,Barbados,"DEN 1,2,3",2023,Out,53,Barbados,52,01/01/2023,Preliminar,81.71206226,0,0,0,630,0,52,273.4,223.4,1,282,0,771
6,Barbados,"DEN 2,3",2024,Out,53,Barbados,52,01/01/2024,Preliminar,78.28773169,0,0,0,887,0,52,401.77,314.54,1,282,0,1133
6,Antigua and Barbuda,"DEN 1,4",2014,Out,53,Antigua y Barbuda,28,01/01/2014,Preliminar,45.94594595,0,0,0,17,0,53,42.05,19.32,1,88,0,37
6,Saint Lucia,  ,2017,Out,53,Santa Lucía,662,01/01/2017,Preliminar,100,0,0,0,66,0,52,37.5,37.5,1,176,0,66
6,Saint Martin,  ,2015,Out,53,Isla de San Martín (Francia),663,01/01/2015,Preliminar,8.027522936,0,0,0,35,0,50,"1,178.38",94.59,1,37,0,436
3,Venezuela,DEN 1,2017,Out,53,Venezuela,862,01/01/2017,Preliminar,18.43296576,4.167150319,0,0.186,1588,16,52,28.19,5.2,1,30565,359,8615
3,Peru,"DEN 2,4",2018,Out,53,Perú,604,01/01/2018,Preliminar,,0.937950938,0,0.216,,15,52,21.73,,1,31897,65,6930
2,Nicaragua,"DEN 2,3",2015,Out,53,Nicaragua,558,01/01/2015,Preliminar,8.275554474,0.030409926,0,0.03,4082,15,52,802.18,66.38,1,6149,15,49326
2,Guatemala,"DEN 1,2,3,4",2019,Out,53,Guatemala,320,01/01/2019,Preliminar,2.808238022,0.222065008,0,0.13,1429,66,52,297.53,8.36,1,17103,113,50886
2,Mexico,"DEN 1,2,3,4",2025,Out,53,México,484,01/01/2025,Preliminar,15.14688367,0.531493759,0,0.058,22001,84,53,110.08,16.67,1,131946,772,145251
4,Paraguay,"DEN 1,2,3",2025,Out,53,Paraguay,600,01/01/2025,Preliminar,4.340409401,0,0,0.003,1374,1,53,451.39,19.59,1,7013,0,31656
2,El Salvador,DEN 2,2017,Out,53,El Salvador,222,01/01/2017,Final,5.399115662,0.162904352,0,0,232,0,52,69.16,3.73,1,6213,7,4297
4,Brazil,"DEN 1,2,3,4",2017,Out,53,Brasil,76,01/01/2017,Final,30.9099258,0.054627612,0,0.029,156169,144,52,246.82,76.29,1,204703,276,505239
6,Virgin Islands (UK),  ,2017,Out,53,Islas Vírgenes (RU),92,01/01/2017,Preliminar,100,0,0,0,67,0,48,209.38,209.38,1,32,0,67
6,Bermuda,  ,2014,Out,53,Bermuda,60,01/01/2014,Preliminar,100,0,0,0,1,0,53,1.59,1.59,1,63,0,1
5,Dominican Republic,"DEN 1,2",2018,Out,53,República Dominicana,214,01/01/2018,Preliminar,7.83055199,7.124518614,0,0.064,122,1,52,14.45,1.13,1,10782,111,1558
3,Bolivia,DEN 4,2014,Out,53,Bolivia,68,01/01/2014,Final,15.33259669,1.648618785,0,0,3469,0,53,208.56,31.98,1,10848,373,22625
6,Aruba,DEN 1,2014,Out,53,Aruba,533,01/01/2014,Preliminar,8.5,0,0,0,34,0,48,388.35,33.01,1,103,0,400
6,Guyana,  ,2017,Out,53,Guyana,328,01/01/2017,Preliminar,0,0,0,0,0,0,50,0.52,0,1,768,0,4
5,Puerto Rico,"DEN 1,2,3,4",2024,Out,53,Puerto Rico,630,01/01/2024,Preliminar,81.19250986,4.35282523,0,0.131,4943,8,52,187.79,152.47,1,3242,265,6088
6,Saint Vincent and the Grenadines,  ,2017,Out,53,San Vicente y las Granadinas,670,01/01/2017,Preliminar,66.66666667,0,0,0,2,0,52,2.86,1.9,1,105,0,3
6,French Guiana,  ,2018,Out,53,Guayana Francesa,254,01/01/2018,Preliminar,0,0,0,0,0,0,26,85.71,0,1,280,0,240
6,Trinidad and Tobago,"DEN 2,3",2024,Out,53,Trinidad y Tobago,780,01/01/2024,Preliminar,100,0,0,0.948,2004,19,48,132.98,132.98,1,1507,0,2004
6,Barbados,  ,2017,Out,53,Barbados,52,01/01/2017,Final,13.73534338,0,0,0,82,0,52,213.21,29.29,1,280,0,597
6,Bermuda,  ,2017,Out,53,Bermuda,60,01/01/2017,Preliminar,,,0,,0,0,52,0,0,1,63,0,0
1,Canada,  ,2021,Out,53,Canadá,124,01/01/2021,Preliminar,,,0,,0,0,52,0,0,1,38454,0,0
6,Cayman Islands,  ,2021,Out,53,Islas Caimán,136,01/01/2021,Preliminar,0,0,0,0,0,0,28,1.43,0,1,70,0,1
6,Virgin Islands (US),  ,2017,Out,53,Islas Vírgenes (EUA),850,01/01/2017,Final,100,0,0,0,1,0,52,1.05,1.05,1,95,0,1
2,El Salvador,"DEN 1,2,3,4",2024,Out,53,El Salvador,222,01/01/2024,Preliminar,8.933582788,0.339101964,0,0.105,764,9,52,134.93,12.05,1,6338,29,8552
2,Mexico,"DEN 1,2,3",2017,Out,53,México,484,01/01/2017,Preliminar,15.72758724,0.417162627,0,0.038,14138,34,52,72.85,11.46,1,123400,375,89893
6,Jamaica,  ,2014,Out,53,Jamaica,388,01/01/2014,Preliminar,8.181818182,0,0,0,72,0,53,31.51,2.58,1,2793,0,880
4,Brazil,"DEN 1,2,3,4",2014,Out,53,Brasil,76,01/01/2014,Preliminar,37.31119307,0.116566285,0,0.069,220539,410,53,295.41,110.22,1,200085,689,591080
6,Grenada,  ,2014,Out,53,Granada,308,01/01/2014,Preliminar,100,2.564102564,0,2.564,39,1,53,34.21,34.21,1,114,1,39
5,Puerto Rico,"DEN 1,2,4",2014,Out,53,Puerto Rico,630,01/01/2014,Preliminar,5.968468468,0.022522523,0,0,530,0,53,249.09,14.87,1,3565,2,8880
6,Saint Barthelemy,  ,2014,Out,53,San Bartolomé,652,01/01/2014,Preliminar,100,0,0,0,56,0,48,622.22,622.22,1,9,0,56
6,Turks and Caicos Islands,  ,2017,Out,53,Islas Turcas y Caicos,796,01/01/2017,Preliminar,100,0,0,0,210,0,52,538.46,538.46,1,39,0,210
6,"Bonaire, Saint Eustatius and Saba",  ,2024,Out,53,"Bonaire, San Eustaquio y Saba",535,01/01/2024,Preliminar,64.73429952,0,0,0,134,0,12,690,446.67,1,30,0,207
6,Bahamas,  ,2024,Out,53,Bahamas,44,01/01/2024,Preliminar,,,0,,0,0,8,0,0,1,401,0,0
6,Sint Maarten,  ,2024,Out,53,Isla de San Martín (Holanda),534,01/01/2024,Preliminar,100,0,0,0,144,0,40,334.88,334.88,1,43,0,144
2,Guatemala,"DEN 1,2,3,4",2024,Out,53,Guatemala,320,01/01/2024,Preliminar,3.186361588,0.134687276,0,0.1,6009,188,52,"1,024.58",32.65,1,18406,254,188585
2,Costa Rica,"DEN 1,2,3,4",2024,Out,53,Costa Rica,188,01/01/2024,Preliminar,4.162001344,0,0,0.022,1301,7,52,609.46,25.37,1,5129,0,31259
6,Turks and Caicos Islands,"DEN 2,3",2024,Out,53,Islas Turcas y Caicos,796,01/01/2024,Preliminar,32.47863248,0,0,0,38,0,52,254.35,82.61,1,46,0,117
3,Ecuador,  ,2024,Out,53,Ecuador,218,01/01/2024,Preliminar,100,0.506514658,0,0.122,61400,75,52,338.57,338.57,1,18135,311,61400
4,Argentina,"DEN 1,2,3",2024,Out,53,Argentina,32,01/01/2024,Preliminar,32.39740078,0.275810365,0,0.07,188410,408,52,"1,272.67",412.31,1,45696,1604,581559
2,Costa Rica,"DEN 1,2",2019,Out,53,Costa Rica,188,01/01/2019,Final,3.882978723,0.117021277,0,0,365,0,52,188.04,7.3,1,4999,11,9400
2,Panama,"DEN 1,2",2018,Out,53,Panamá,591,01/01/2018,Preliminar,63.22192905,0.234535327,0,0.044,4313,3,52,163.71,103.5,1,4167,16,6822
6,Haiti,"DEN 1,2,3,4",2015,Out,53,Haití,332,01/01/2015,Preliminar,10,0,0,0,13,0,52,1.24,0.12,1,10523,0,130
2,Honduras,"DEN 1,2,3,4",2024,Out,53,Honduras,340,01/01/2024,Preliminar,5.64756869,1.269687206,0,0.09,10008,160,52,"1,637.03",92.45,1,10825,2250,177209
6,Curaçao,  ,2018,Out,53,Curazao,531,01/01/2018,Preliminar,,,0,,0,0,52,0,0,1,181,0,0
6,Antigua and Barbuda,  ,2018,Out,53,Antigua y Barbuda,28,01/01/2018,Preliminar,87.5,0,0,0,7,0,52,8.89,7.78,1,90,0,8
2,Guatemala,"DEN 1,2,3,4",2017,Out,53,Guatemala,320,01/01/2017,Preliminar,33.90709738,1.509078048,0,0.566,1438,24,52,25.6,8.68,1,16567,64,4241
2,Honduras,DEN 2,2017,Out,53,Honduras,340,01/01/2017,Preliminar,0,2.415181139,0,0,0,0,52,54.41,0,1,9588,126,5217
4,Argentina,DEN 1,2018,Out,53,Argentina,32,01/01/2018,Preliminar,64.2427556,0.164024057,0,0,1175,0,52,4.1,2.63,1,44654,3,1829
1,Canada,  ,2017,Out,53,Canadá,124,01/01/2017,Preliminar,,,0,,0,0,52,0,0,1,36808,0,0
3,Ecuador,"DEN 1,4",2017,Out,53,Ecuador,218,01/01/2017,Preliminar,100,0.158074998,0,0.035,11387,4,52,67.95,67.95,1,16759,18,11387
2,Belize,  ,2021,Out,53,Belice,84,01/01/2021,Preliminar,0.483247423,0,0,0,15,0,52,785.82,3.8,1,395,0,3104
6,Virgin Islands (UK),  ,2021,Out,53,Islas Vírgenes (RU),92,01/01/2021,Preliminar,100,0,0,0,14,0,48,37.84,37.84,1,37,0,14
6,Virgin Islands (US),  ,2015,Out,53,Islas Vírgenes (EUA),850,01/01/2015,final,100,0,0,0,3,0,52,3,3,1,100,0,3
4,Chile,  ,2021,Out,53,Chile,152,01/01/2021,Preliminar,,,0,,0,0,52,0,0,1,19456,0,0
6,Dominica,  ,2021,Out,53,Dominica,212,01/01/2021,Final,,,0,,0,0,52,0,0,1,67,0,0
5,Dominican Republic,  ,2021,Out,53,República Dominicana,214,01/01/2021,Preliminar,1.841964762,5.152162306,0,0.694,69,26,52,33.68,0.62,1,11123,193,3746
6,Bermuda,  ,2021,Out,53,Bermuda,60,01/01/2021,Preliminar,,,0,,0,0,48,0,0,1,64,0,0
2,Costa Rica,"DEN 1,2,3",2014,Out,53,Costa Rica,188,01/01/2014,final,,0.035906643,0,0,,0,53,233.69,,1,4767,4,11140
5,Cuba,  ,2014,Out,53,Cuba,192,01/01/2014,Preliminar,100,0,0,0,2522,0,53,22.35,22.35,1,11285,0,2522
6,Saint Vincent and the Grenadines,  ,2014,Out,53,San Vicente y las Granadinas,670,01/01/2014,Preliminar,8.547008547,0,0,0,10,0,53,109.35,9.35,1,107,0,117
4,Argentina,"DEN 1,4",2015,Out,53,Argentina,32,01/01/2015,Preliminar,25.30372853,0.062840385,0,0,1208,0,52,10.98,2.78,1,43477,3,4774
6,Bahamas,  ,2015,Out,53,Bahamas,44,01/01/2015,Preliminar,30,0,0,0,3,0,52,2.6,0.78,1,385,0,10
6,Bermuda,  ,2015,Out,53,Bermuda,60,01/01/2015,Preliminar,,,0,,0,0,52,0,0,1,63,0,0
6,Antigua and Barbuda,  ,2021,Out,53,Antigua y Barbuda,28,01/01/2021,Final,0,0,0,0,0,0,52,27.17,0,1,92,0,25
2,El Salvador,  ,2021,Out,53,El Salvador,222,01/01/2021,Preliminar,0.64325452,0.226008345,0,0,37,0,52,91.96,0.59,1,6255,13,5752
6,French Guiana,"DEN 1,2,3",2021,Out,53,Guayana Francesa,254,01/01/2021,Preliminar,18.84965831,,0,0,331,0,17,599.32,112.97,1,293,,1756
3,Bolivia,"DEN 1,2,3,4",2018,Out,53,Bolivia,68,01/01/2018,Final,17.53591303,0.530606963,0,0.078,1355,6,52,67.14,11.77,1,11508,41,7727
6,Grenada,  ,2018,Out,53,Granada,308,01/01/2018,Preliminar,100,0,0,0,463,0,52,402.61,402.61,1,115,0,463
6,Guadeloupe,DEN 1,2018,Out,53,Guadalupe,312,01/01/2018,Preliminar,3.196347032,0,0,0,14,0,51,105.54,3.37,1,415,0,438
6,"Bonaire, Saint Eustatius and Saba",  ,2018,Out,53,"Bonaire, San Eustaquio y Saba",535,01/01/2018,Preliminar,,,0,,0,0,52,0,0,1,25,0,0
6,Virgin Islands (UK),  ,2014,Out,53,Islas Vírgenes (RU),92,01/01/2014,Preliminar,28.87029289,0,0,0,69,0,53,746.88,215.63,1,32,0,239
1,Canada,  ,2014,Out,53,Canadá,124,01/01/2014,Preliminar,,,0,,0,0,53,0,0,1,35634,0,0
6,Cayman Islands,"DEN 1,3",2014,Out,53,Islas Caimán,136,01/01/2014,Preliminar,3.225806452,0,0,0,4,0,53,206.67,6.67,1,60,0,124
4,Chile,  ,2014,Out,53,Chile,152,01/01/2014,Preliminar,100,0,0,0,30,0,53,0.17,0.17,1,17864,0,30
3,Colombia,"DEN 1,2,3,4",2014,Out,53,Colombia,170,01/01/2014,Preliminar,44.40472332,2.425561473,0,0.082,47946,88,53,231.88,102.97,1,46565,2619,107975
6,Curaçao,  ,2014,Out,53,Curazao,531,01/01/2014,Preliminar,10.30927835,0,0,0,20,0,36,117.58,12.12,1,165,0,194
6,Dominica,DEN 4,2014,Out,53,Dominica,212,01/01/2014,Preliminar,4.761904762,0,0,0,9,0,53,270,12.86,1,70,0,189
5,Dominican Republic,"DEN 1,2,4",2014,Out,53,República Dominicana,214,01/01/2014,Preliminar,,6.758049091,0,0.988,,62,53,60.82,,1,10315,424,6274
3,Ecuador,"DEN 1,2,3,4",2014,Out,53,Ecuador,218,01/01/2014,Final,100,0.431395274,0,0.077,15531,12,53,96.86,96.86,1,16035,67,15531
2,El Salvador,"DEN 1,2,3",2014,Out,53,El Salvador,222,01/01/2014,Preliminar,30.2020202,0.344182566,0,0.011,16146,6,53,867.58,262.03,1,6162,184,53460
6,French Guiana,"DEN 1,2,4",2014,Out,53,Guayana Francesa,254,01/01/2014,Preliminar,66.18644068,0.593220339,0,0,781,0,47,453.85,300.38,1,260,7,1180
6,Guadeloupe,"DEN 2,4",2014,Out,53,Guadalupe,312,01/01/2014,Preliminar,62.84896206,0.572655691,0,0,878,0,48,344.09,216.26,1,406,8,1397
6,Jamaica,DEN 3,2018,Out,53,Jamaica,388,01/01/2018,Preliminar,2.839756592,7.403651116,0,1.318,28,13,52,34.96,0.99,1,2820,73,986
6,Haiti,  ,2019,Out,53,Haití,332,01/01/2019,Preliminar,,,0,0,,0,49,0.84,,1,11105,,93
6,Guyana,DEN 4,2014,Out,53,Guyana,328,01/01/2014,Preliminar,100,0,0,0,863,0,48,114.46,114.46,1,754,0,863
2,Honduras,"DEN 2,3,4",2014,Out,53,Honduras,340,01/01/2014,Preliminar,,5.400790588,0,0.012,,5,53,471.73,,1,9063,2309,42753
6,Martinique,"DEN 1,2,4",2014,Out,53,Martinica,474,01/01/2014,Preliminar,42.26190476,0.654761905,0,0.119,710,2,48,434.11,183.46,1,387,11,1680
2,Mexico,"DEN 1,2,3,4",2014,Out,53,México,484,01/01/2014,Preliminar,25.69171542,6.937563529,0,0.031,32100,39,53,104.31,26.8,1,119784,8668,124943
6,Montserrat,DEN 2,2014,Out,53,Montserrat,500,01/01/2014,Preliminar,5.882352941,0,0,0,1,0,53,425,25,1,4,0,17
2,Nicaragua,"DEN 1,2,3,4",2014,Out,53,Nicaragua,558,01/01/2014,Preliminar,5.448129852,0,0,0,1930,0,53,583.99,31.82,1,6066,0,35425
2,Panama,"DEN 1,2,3",2014,Out,53,Panamá,591,01/01/2014,Preliminar,57.005619,0.36251586,0,0.163,3145,9,53,141.75,80.81,1,3892,20,5517
4,Paraguay,"DEN 1,2,4",2014,Out,53,Paraguay,600,01/01/2014,Preliminar,25.97363691,0.049930098,0,0.05,2601,5,53,165,42.86,1,6069,5,10014
3,Peru,"DEN 1,2,3,4",2014,Out,53,Perú,604,01/01/2014,Preliminar,61.03555112,0.498870976,0,0.163,11623,31,53,63.23,38.6,1,30115,95,19043
6,Saint Kitts and Nevis,  ,2014,Out,53,Saint Kitts y Nevis,659,01/01/2014,Preliminar,12,0,0,0,9,0,53,159.57,19.15,1,47,0,75
6,Saint Lucia,DEN 4,2014,Out,53,Santa Lucía,662,01/01/2014,Preliminar,53.89221557,0,0,0,90,0,53,95.98,51.72,1,174,0,167
6,Saint Martin,  ,2014,Out,53,Isla de San Martín (Francia),663,01/01/2014,Preliminar,100,0.247524752,0,0,404,0,48,"1,091.89","1,091.89",1,37,1,404
6,Suriname,DEN 2,2014,Out,53,Suriname,740,01/01/2014,Preliminar,17.39130435,0,0,0,4,0,53,4,0.7,1,575,0,23
6,Trinidad and Tobago,"DEN 1,4",2014,Out,53,Trinidad y Tobago,780,01/01/2014,Preliminar,12.16216216,0,0,0,18,0,53,10.42,1.27,1,1421,0,148
6,Turks and Caicos Islands,DEN 1,2014,Out,53,Islas Turcas y Caicos,796,01/01/2014,Preliminar,100,0,0,0,252,0,53,720,720,1,35,0,252
4,Uruguay,  ,2014,Out,53,Uruguay,858,01/01/2014,Preliminar,,,0,,0,0,53,0,0,1,3356,0,0
3,Venezuela,"DEN 1,2,3,4",2014,Out,53,Venezuela,862,01/01/2014,Preliminar,0.079973494,0.252487747,0,0,70,0,53,289.31,0.23,1,30254,221,87529
2,Belize,  ,2014,Out,53,Belice,84,01/01/2014,Final,10.2164831,5.65894417,0,0,269,0,53,756.61,77.3,1,348,149,2633
2,Belize,DEN 2,2017,Out,53,Belice,84,01/01/2017,Final,1.905347265,0.12292563,0,0,31,0,52,436.19,8.31,1,373,2,1627
4,Brazil,"DEN 1,2,3,4",2018,Out,53,Brasil,76,01/01/2018,Final,38.24444223,0.069864122,0,0.035,176814,160,52,224.31,85.79,1,206107,323,462326
6,Antigua and Barbuda,DEN 3,2019,Out,53,Antigua y Barbuda,28,01/01/2019,Preliminar,2.943581357,0,0,0,36,0,48,"1,343.96",39.56,1,91,0,1223
6,"Bonaire, Saint Eustatius and Saba",  ,2019,Out,53,"Bonaire, San Eustaquio y Saba",535,01/01/2019,Preliminar,,,0,,0,0,47,0,0,1,25,0,0
3,Colombia,"DEN 1,2,3",2018,Out,53,Colombia,170,01/01/2018,Preliminar,9.064138316,1.173452315,0,0.051,4063,23,52,91.43,8.29,1,49024,526,44825
6,Antigua and Barbuda,  ,2015,Out,53,Antigua y Barbuda,28,01/01/2015,Preliminar,100,0,0,0,14,0,52,15.73,15.73,1,89,0,14
1,Canada,  ,2015,Out,53,Canadá,124,01/01/2015,Preliminar,,,0,,0,0,52,0,0,1,35962,0,0
6,Cayman Islands,"DEN 2,3,4",2015,Out,53,Islas Caimán,136,01/01/2015,Preliminar,15,0,0,0,6,0,52,65.57,9.84,1,61,0,40
4,Chile,  ,2015,Out,53,Chile,152,01/01/2015,Preliminar,17.5,0,0,0,7,0,52,0.22,0.04,1,18047,0,40
5,Cuba,"DEN 3,4",2015,Out,53,Cuba,192,01/01/2015,Preliminar,100,0,0,0,1691,0,52,15,15,1,11275,0,1691
6,Dominica,  ,2015,Out,53,Dominica,212,01/01/2015,Preliminar,28.94736842,0,0,0,11,0,52,54.29,15.71,1,70,0,38
5,Dominican Republic,"DEN 2,3,4",2015,Out,53,República Dominicana,214,01/01/2015,Preliminar,0,10.87517597,0,0.628,0,107,52,163.39,0,1,10434,1854,17048
2,El Salvador,"DEN 1,2,3",2015,Out,53,El Salvador,222,01/01/2015,Preliminar,19.92864119,0.727540912,0,0.012,9998,6,52,811.4,161.7,1,6183,365,50169
6,French Guiana,"DEN 1,2,4",2015,Out,53,Guayana Francesa,254,01/01/2015,Preliminar,13.7149443,0,0,0,357,0,52,978.57,134.21,1,266,0,2603
6,Grenada,  ,2015,Out,53,Granada,308,01/01/2015,Preliminar,100,0,0,0,25,0,52,21.93,21.93,1,114,0,25
6,Guadeloupe,  ,2015,Out,53,Guadalupe,312,01/01/2015,Preliminar,19.90049751,0,0,0,40,0,52,49.88,9.93,1,403,0,201
6,Guyana,  ,2015,Out,53,Guyana,328,01/01/2015,Preliminar,100,0,0,0,388,0,52,51.19,51.19,1,758,0,388
2,Guatemala,"DEN 1,2,3",2025,Out,53,Guatemala,320,01/01/2025,Preliminar,2.075479514,0.012428021,0,0.012,1002,6,53,258.35,5.36,1,18687,6,48278
6,Turks and Caicos Islands,  ,2025,Out,53,Islas Turcas y Caicos,796,01/01/2025,Preliminar,0,0,0,0,0,0,48,2.17,0,1,46,0,1
1,United States of America,  ,2025,Out,53,Estados Unidos de América,840,01/01/2025,Preliminar,100,2.168256722,0,0,1153,0,53,0.33,0.33,1,347275,25,1153
1,United States of America,  ,2019,Out,53,Estados Unidos de América,840,01/01/2019,Preliminar,100,1.813471503,0,0,1158,0,52,0.34,0.34,1,337790,21,1158
1,United States of America,  ,2020,Out,53,Estados Unidos de América,840,01/01/2020,Preliminar,100,0,0,0,307,0,53,0.09,0.09,1,339436,0,307
2,Honduras,  ,2015,Out,53,Honduras,340,01/01/2015,Preliminar,0,2.368738011,0,0.011,0,5,52,485.37,0,1,9237,1062,44834
6,Jamaica,DEN 4,2015,Out,53,Jamaica,388,01/01/2015,Preliminar,15.90909091,0,0,0,14,0,52,3.14,0.5,1,2802,0,88
6,Martinique,  ,2015,Out,53,Martinica,474,01/01/2015,Preliminar,12.07729469,0,0,0,25,0,52,54.05,6.53,1,383,0,207
2,Mexico,"DEN 1,2,3,4",2015,Out,53,México,484,01/01/2015,Preliminar,12.14291895,2.488239607,0,0.019,26665,42,52,181.37,22.02,1,121072,5464,219593
6,Montserrat,  ,2015,Out,53,Montserrat,500,01/01/2015,Preliminar,,,0,,0,0,52,0,0,1,4,0,0
6,Aruba,  ,2015,Out,53,Aruba,533,01/01/2015,Preliminar,61.49253731,0,0,0,206,0,52,322.12,198.08,1,104,0,335
6,Jamaica,"DEN 3,4",2016,Out,53,Jamaica,388,01/01/2016,Final,8.271658685,6.965607314,0,0.087,190,2,52,81.77,6.76,1,2809,160,2297
2,Panama,"DEN 1,2,3",2015,Out,53,Panamá,591,01/01/2015,Final,110.5951307,0.631199279,0,0.18,2453,4,52,56.01,61.94,1,3960,14,2218
4,Paraguay,"DEN 1,2,4",2015,Out,53,Paraguay,600,01/01/2015,Preliminar,7.658917439,0.018936083,0,0.007,5258,5,52,"1,114.66",85.37,1,6159,13,68652
3,Peru,"DEN 1,2,3,4",2015,Out,53,Perú,604,01/01/2015,Preliminar,90.71908921,0.343220694,0,0.114,32511,41,52,117.66,106.74,1,30457,123,35837
5,Puerto Rico,"DEN 1,2,3,4",2015,Out,53,Puerto Rico,630,01/01/2015,Preliminar,3.053026245,0,0,0,57,0,52,53.02,1.62,1,3521,0,1867
6,Saint Barthelemy,  ,2015,Out,53,San Bartolomé,652,01/01/2015,Preliminar,6.775700935,0,0,0,29,0,52,"4,755.56",322.22,1,9,0,428
6,Saint Kitts and Nevis,  ,2015,Out,53,Saint Kitts y Nevis,659,01/01/2015,Preliminar,20,0,0,0,1,0,24,10.64,2.13,1,47,0,5
6,Anguilla,  ,2015,Out,53,Anguila,660,01/01/2015,Preliminar,25,0,0,0,2,0,52,57.14,14.29,1,14,0,8
6,Saint Lucia,  ,2015,Out,53,Santa Lucía,662,01/01/2015,Preliminar,100,0,0,0,25,0,52,14.37,14.37,1,174,0,25
6,Saint Vincent and the Grenadines,  ,2015,Out,53,San Vicente y las Granadinas,670,01/01/2015,Preliminar,100,0,0,0,13,0,52,12.26,12.26,1,106,0,13
6,Suriname,  ,2015,Out,53,Suriname,740,01/01/2015,Preliminar,40,0,0,0,6,0,52,2.58,1.03,1,581,0,15
6,Trinidad and Tobago,DEN 1,2015,Out,53,Trinidad y Tobago,780,01/01/2015,Preliminar,1.363366924,0,0,0.178,23,3,52,118.05,1.61,1,1429,0,1687
6,Turks and Caicos Islands,  ,2015,Out,53,Islas Turcas y Caicos,796,01/01/2015,Preliminar,100,0,0,0,331,0,52,919.44,919.44,1,36,0,331
1,United States of America,  ,2017,Out,53,Estados Unidos de América,840,01/01/2017,Final,100,1.986754967,0,0,453,0,52,0.14,0.14,1,332204,9,453
4,Uruguay,  ,2015,Out,53,Uruguay,858,01/01/2015,Preliminar,,,0,,0,0,52,0,0,1,3368,0,0
5,Puerto Rico,  ,2016,Out,53,Puerto Rico,630,01/01/2016,Final,100,0,0,0,168,0,52,4.83,4.83,1,3476,0,168
6,Montserrat,  ,2018,Out,53,Montserrat,500,01/01/2018,Preliminar,0,0,0,0,0,0,52,25,0,1,4,0,1
6,Guyana,  ,2018,Out,53,Guyana,328,01/01/2018,Preliminar,100,0,0,0,286,0,40,36.16,36.16,1,791,0,286
1,Canada,  ,2018,Out,53,Canadá,124,01/01/2018,Preliminar,,,0,,0,0,52,0,0,1,37295,0,0
3,Colombia,"DEN 1,2,3,4",2016,Out,53,Colombia,170,01/01/2016,Final,45.34826166,0.889958026,0,0.059,45809,60,52,212.95,96.57,1,47437,899,101016
3,Colombia,"DEN 1,2,3,4",2015,Out,53,Colombia,170,01/01/2015,Final,40.93048816,1.473393887,0,0.161,39475,155,52,205.34,84.04,1,46969,1421,96444
4,Brazil,"DEN 1,2,3,4",2019,Out,53,Brasil,76,01/01/2019,Preliminar,57.40808603,0.066130919,0,0.037,1290861,840,52,"1,083.88",622.24,1,207455,1487,2248570
4,Brazil,"DEN 1,2,3,4",2015,Out,53,Brasil,76,01/01/2015,final,30.38020434,0.095148113,0,0.052,500972,863,52,817.66,248.41,1,201675,1569,1649008
2,Guatemala,"DEN 1,2,3,4",2014,Out,53,Guatemala,320,01/01/2014,Preliminar,9.51014449,0.584000403,0,0.065,1889,13,53,126.67,12.05,1,15681,116,19863
5,Dominican Republic,DEN 2,2017,Out,53,República Dominicana,214,01/01/2017,Final,1.320616288,6.456346295,0,0.22,18,3,52,12.78,0.17,1,10666,88,1363
6,Martinique,  ,2018,Out,53,Martinica,474,01/01/2018,Preliminar,0,0,0,0,0,0,5,20.05,0,1,364,0,73
6,Cayman Islands,DEN 3,2018,Out,53,Islas Caimán,136,01/01/2018,Preliminar,8.333333333,0,0,0,2,0,52,36.92,3.08,1,65,0,24
6,Saint Barthelemy,  ,2018,Out,53,San Bartolomé,652,01/01/2018,Preliminar,,,0,,0,0,51,0,0,1,10,0,0
6,Saint Kitts and Nevis,  ,2018,Out,53,Saint Kitts y Nevis,659,01/01/2018,Preliminar,16.66666667,0,0,0,1,0,52,12.77,2.13,1,47,0,6
1,United States of America,  ,2021,Out,53,Estados Unidos de América,840,01/01/2021,Preliminar,100,0.877192982,0,0,114,0,52,0.03,0.03,1,340161,1,114
2,Belize,  ,2025,Out,53,Belice,84,01/01/2025,Preliminar,54.951734,0,0,0,1537,0,53,662.8,364.22,1,422,0,2797
6,Barbados,  ,2026,Out,53,Barbados,52,01/01/2026,Preliminar,12,0,0,0,3,0,14,8.87,1.06,1,282,0,25
4,Chile,  ,2025,Out,53,Chile,152,01/01/2025,Preliminar,,,0,,0,0,53,0,0,1,19859,0,0
1,United States of America,  ,2022,Out,53,Estados Unidos de América,840,01/01/2022,Preliminar,100,1.557093426,0,0,1156,0,52,0.34,0.34,1,341534,18,1156
2,Panama,"DEN 1,2,3",2017,Out,53,Panamá,591,01/01/2017,Final,50.94148157,0.180403653,0,0.023,4518,2,52,216.42,110.25,1,4098,16,8869
4,Chile,DEN 1,2018,Out,53,Chile,152,01/01/2018,Preliminar,100,0,0,0,18,0,52,0.1,0.1,1,18893,0,18
6,Antigua and Barbuda,DEN 2,2016,Out,53,Antigua y Barbuda,28,01/01/2016,Preliminar,2.912621359,0,0,0,3,0,52,115.73,3.37,1,89,0,103
4,Argentina,"DEN 1,4",2016,Out,53,Argentina,32,01/01/2016,Final,51.86709458,0.037757221,0,0.013,41211,10,52,180.99,93.87,1,43900,30,79455
6,Bahamas,  ,2016,Out,53,Bahamas,44,01/01/2016,Preliminar,1.219512195,0,0,0,1,0,52,21.13,0.26,1,388,0,82
6,Bermuda,  ,2016,Out,53,Bermuda,60,01/01/2016,Preliminar,0,0,0,0,0,0,52,3.17,0,1,63,0,2
4,Argentina,"DEN 1,4",2014,Out,53,Argentina,32,01/01/2014,Final,14.98470948,0,0,0,490,0,53,7.6,1.14,1,43024,0,3270
6,Virgin Islands (UK),  ,2016,Out,53,Islas Vírgenes (RU),92,01/01/2016,Preliminar,108,0,0,0,108,0,52,303.03,327.27,1,33,0,100
1,Canada,  ,2016,Out,53,Canadá,124,01/01/2016,Final,,,0,,0,0,52,0,0,1,36353,0,0
6,Cayman Islands,DEN 3,2016,Out,53,Islas Caimán,136,01/01/2016,Preliminar,1.333333333,0,0,0,2,0,52,238.1,3.17,1,63,0,150
4,Chile,DEN 1,2016,Out,53,Chile,152,01/01/2016,Preliminar,0,0,0,0,0,0,52,0.18,0,1,18267,0,33
5,Cuba,"DEN 2,3",2016,Out,53,Cuba,192,01/01/2016,Preliminar,100,1.579520697,0,0,1836,0,52,16.3,16.3,1,11265,29,1836
6,Dominica,  ,2016,Out,53,Dominica,212,01/01/2016,Preliminar,1.709401709,0,0,0,6,0,52,508.7,8.7,1,69,0,351
5,Dominican Republic,  ,2016,Out,53,República Dominicana,214,01/01/2016,Preliminar,0,9.64635064,0,0.587,0,39,52,62.98,0,1,10551,641,6645
2,El Salvador,DEN 2,2016,Out,53,El Salvador,222,01/01/2016,Final,1.410854477,2.34383889,0,0.011,124,1,52,141.76,2,1,6200,206,8789
6,French Guiana,"DEN 1,2",2016,Out,53,Guayana Francesa,254,01/01/2016,Preliminar,1.724137931,0,0,0,9,0,51,192.62,3.32,1,271,0,522
6,Grenada,DEN 1,2016,Out,53,Granada,308,01/01/2016,Preliminar,50.33112583,0,0,0,76,0,52,131.3,66.09,1,115,0,151
6,Guadeloupe,DEN 1,2016,Out,53,Guadalupe,312,01/01/2016,Preliminar,9.604519774,0,0,0,17,0,51,43.81,4.21,1,404,0,177
6,Guyana,  ,2016,Out,53,Guyana,328,01/01/2016,Preliminar,100,0,0,0,303,0,52,39.71,39.71,1,763,0,303
2,Honduras,DEN 2,2016,Out,53,Honduras,340,01/01/2016,Preliminar,0.330996037,1.363181046,0,0.013,76,3,52,243.95,0.81,1,9412,313,22961
6,Martinique,"DEN 1,2,3",2016,Out,53,Martinica,474,01/01/2016,Preliminar,8.227848101,0,0,0,13,0,51,41.8,3.44,1,378,0,158
2,Mexico,"DEN 1,2,3,4",2016,Out,53,México,484,01/01/2016,Final,13.68119998,0.619671098,0,0.026,17795,34,52,106.4,14.56,1,122251,806,130069
6,Montserrat,  ,2016,Out,53,Montserrat,500,01/01/2016,Preliminar,0,0,0,0,0,0,48,625,0,1,4,0,25
6,Aruba,  ,2016,Out,53,Aruba,533,01/01/2016,Preliminar,7.808946171,0,0,0,103,0,52,"1,268.27",99.04,1,104,0,1319
2,Panama,"DEN 1,2,3",2016,Out,53,Panamá,591,01/01/2016,Final,45.14976642,0.398461116,0,0.124,3286,9,52,180.64,81.56,1,4029,29,7278
4,Paraguay,"DEN 1,3,4",2016,Out,53,Paraguay,600,01/01/2016,Final,3.64024781,0.068361461,0,0.023,2556,16,52,"1,123.62",40.9,1,6249,48,70215
3,Peru,"DEN 1,2,3,4",2016,Out,53,Perú,604,01/01/2016,Preliminar,53.51763525,0.389105058,0,0.116,17055,37,52,103.25,55.25,1,30866,124,31868
6,Saint Barthelemy,DEN 1,2016,Out,53,San Bartolomé,652,01/01/2016,Preliminar,76.92307692,0,0,0,60,0,51,866.67,666.67,1,9,0,78
6,Saint Kitts and Nevis,  ,2016,Out,53,Saint Kitts y Nevis,659,01/01/2016,Preliminar,0,0,0,0,0,0,52,289.36,0,1,47,0,136
6,Anguilla,  ,2016,Out,53,Anguila,660,01/01/2016,Preliminar,4,0,0,0,2,0,52,357.14,14.29,1,14,0,50
6,Saint Lucia,DEN 1,2016,Out,53,Santa Lucía,662,01/01/2016,Preliminar,40.81632653,0,0,0,80,0,52,112,45.71,1,175,0,196
6,Saint Vincent and the Grenadines,  ,2016,Out,53,San Vicente y las Granadinas,670,01/01/2016,Preliminar,7.865168539,0,0,0,7,0,52,83.96,6.6,1,106,0,89
6,Suriname,DEN 1,2016,Out,53,Suriname,740,01/01/2016,Preliminar,16.66666667,0,0,0,1,0,52,1.02,0.17,1,587,0,6
6,Trinidad and Tobago,"DEN 1,3",2016,Out,53,Trinidad y Tobago,780,01/01/2016,Preliminar,0.499722376,0,0,0,9,0,48,125.33,0.63,1,1437,0,1801
6,Turks and Caicos Islands,  ,2016,Out,53,Islas Turcas y Caicos,796,01/01/2016,Preliminar,100,0,0,0,484,0,52,"1,273.68","1,273.68",1,38,0,484
6,Virgin Islands (US),  ,2016,Out,53,Islas Vírgenes (EUA),850,01/01/2016,final,100,0,0,0,11,0,52,11.34,11.34,1,97,0,11
4,Uruguay,DEN 1,2016,Out,53,Uruguay,858,01/01/2016,Preliminar,,,0,,0,0,52,0,0,1,3379,0,0
3,Venezuela,"DEN 1,2,3,4",2016,Out,53,Venezuela,862,01/01/2016,Preliminar,19.92961596,0.392920596,0,0.133,5833,39,52,95.13,18.96,1,30765,115,29268
6,Curaçao,  ,2016,Out,53,Curazao,531,01/01/2016,Preliminar,,,0,,0,0,52,0,0,1,167,0,0
6,Curaçao,  ,2015,Out,53,Curazao,531,01/01/2015,Preliminar,,,0,,0,0,49,0,0,1,166,0,0
6,Virgin Islands (US),  ,2018,Out,53,Islas Vírgenes (EUA),850,01/01/2018,Preliminar,,,0,,0,0,52,0,0,1,92,0,0
3,Bolivia,"DEN 1,2,4",2016,Out,53,Bolivia,68,01/01/2016,Final,13.62625826,0.188352992,0,0.006,4413,2,52,289.68,39.47,1,11180,61,32386
2,Costa Rica,"DEN 1,2",2018,Out,53,Costa Rica,188,01/01/2018,Final,9.689213894,0,0,0,265,0,52,55.17,5.35,1,4957,0,2735
6,Aruba,  ,2019,Out,53,Aruba,533,01/01/2019,Preliminar,6.603773585,0,0,0,7,0,44,99.07,6.54,1,107,0,106
6,Bahamas,  ,2019,Out,53,Bahamas,44,01/01/2019,Preliminar,0,0,0,0,0,0,44,6.85,0,1,394,0,27
5,Cuba,"DEN 1,2",2019,Out,53,Cuba,192,01/01/2019,Preliminar,90.05830009,0.092052777,0,0,2935,0,52,29.09,26.2,1,11202,3,3259
6,Suriname,DEN 4,2019,Out,53,Suriname,740,01/01/2019,Preliminar,48.8372093,0,0,0,42,0,52,14.21,6.94,1,605,0,86
3,Venezuela,"DEN 1,2,3",2019,Out,53,Venezuela,862,01/01/2019,Preliminar,5.494848579,0.437090228,0,0.144,880,23,52,55.34,3.04,1,28938,70,16015
6,Grenada,  ,2019,Out,53,Granada,308,01/01/2019,Preliminar,100,0,0,0,106,0,32,92.17,92.17,1,115,0,106
6,Guadeloupe,"DEN 1,2",2019,Out,53,Guadalupe,312,01/01/2019,Preliminar,21.73374613,0,0,0,702,0,50,787.8,171.22,1,410,0,3230
6,Guyana,  ,2019,Out,53,Guyana,328,01/01/2019,Preliminar,100,0,0,0,230,0,24,28.5,28.5,1,807,0,230
6,Haiti,  ,2018,Out,53,Haití,332,01/01/2018,Preliminar,1.111111111,,0,0,1,0,52,0.82,0.01,1,10962,,90
6,Saint Kitts and Nevis,  ,2019,Out,53,Saint Kitts y Nevis,659,01/01/2019,Preliminar,2.173913043,0,0,0,1,0,48,100,2.17,1,46,0,46
6,Saint Lucia,  ,2019,Out,53,Santa Lucía,662,01/01/2019,Preliminar,100,0,0,0,20,0,52,11.3,11.3,1,177,0,20
2,Belize,DEN 2,2018,Out,53,Belice,84,01/01/2018,Final,5.446293495,,0,0,72,0,52,347.89,18.95,1,380,,1322
6,Virgin Islands (UK),  ,2015,Out,53,Islas Vírgenes (RU),92,01/01/2015,Preliminar,100,,0,,103,,40,302.94,302.94,1,34,,103
6,Barbados,  ,2019,Out,53,Barbados,52,01/01/2019,Final,0,0,0,0,0,0,52,41.64,0,1,281,0,117
6,Virgin Islands (UK),  ,2019,Out,53,Islas Vírgenes (RU),92,01/01/2019,Preliminar,100,0,0,0,78,0,44,216.67,216.67,1,36,0,78
1,Canada,  ,2019,Out,53,Canadá,124,01/01/2019,Preliminar,,,0,,0,0,52,0,0,1,37782,0,0
6,Curaçao,  ,2019,Out,53,Curazao,531,01/01/2019,Preliminar,,,0,,0,0,47,0,0,1,189,0,0
6,Martinique,"DEN 1,2,3",2019,Out,53,Martinica,474,01/01/2019,Preliminar,11.11111111,0,0,0,170,0,50,426.18,47.35,1,359,0,1530
6,Sint Maarten,  ,2017,Out,53,Isla de San Martín (Holanda),534,01/01/2017,Preliminar,,,0,,0,0,16,0,0,1,38,0,0
6,Sint Maarten,  ,2019,Out,53,Isla de San Martín (Holanda),534,01/01/2019,Preliminar,100,0,0,0,8,0,40,20,20,1,40,0,8
6,Sint Maarten,  ,2014,Out,53,Isla de San Martín (Holanda),534,01/01/2014,Preliminar,77.41935484,0,0,0,24,0,53,86.11,66.67,1,36,0,31
6,Saint Martin,"DEN 1,2",2019,Out,53,Isla de San Martín (Francia),663,01/01/2019,Preliminar,24.61538462,0,0,0,64,0,50,764.71,188.24,1,34,0,260
2,Nicaragua,DEN 2,2018,Out,53,Nicaragua,558,01/01/2018,Preliminar,3.5798182,,0,0.01,2103,6,52,917.91,32.86,1,6400,,58746
6,Sint Maarten,  ,2015,Out,53,Isla de San Martín (Holanda),534,01/01/2015,Preliminar,100,0,0,0,13,0,48,35.14,35.14,1,37,0,13
6,Sint Maarten,  ,2018,Out,53,Isla de San Martín (Holanda),534,01/01/2018,Preliminar,17.24137931,0,0,0,5,0,12,74.36,12.82,1,39,0,29
6,Montserrat,  ,2019,Out,53,Montserrat,500,01/01/2019,Preliminar,0,0,0,0,0,0,44,25,0,1,4,0,1
3,Colombia,"DEN 1,2,3",2019,Out,53,Colombia,170,01/01/2019,Preliminar,29.80408144,1.102286893,0,0.068,38016,87,52,255.58,76.17,1,49907,1406,127553
6,Cayman Islands,"DEN 2,3,4",2019,Out,53,Islas Caimán,136,01/01/2019,Preliminar,20.30075188,0,0,0,27,0,48,198.51,40.3,1,67,0,133
6,Dominica,DEN 3,2019,Out,53,Dominica,212,01/01/2019,Preliminar,4.409005629,1.125703565,0,0.094,47,1,52,"1,591.04",70.15,1,67,12,1066
2,Guatemala,"DEN 1,2,3,4",2016,Out,53,Guatemala,320,01/01/2016,Preliminar,3.638368247,0.518191841,0,0.011,330,1,52,55.75,2.03,1,16268,47,9070
3,Ecuador,"DEN 1,2",2019,Out,53,Ecuador,218,01/01/2019,Preliminar,9.755228137,0.451520913,0,0.024,821,2,52,48.54,4.73,1,17340,38,8416
6,Sint Maarten,DEN 2,2016,Out,53,Isla de San Martín (Holanda),534,01/01/2016,Preliminar,9.090909091,0,0,0,1,0,8,28.95,2.63,1,38,0,11
4,Chile,DEN 1,2019,Out,53,Chile,152,01/01/2019,Preliminar,96.55172414,0,0,0,28,0,52,0.15,0.15,1,19197,0,29
5,Dominican Republic,"DEN 1,2,3",2019,Out,53,República Dominicana,214,01/01/2019,Preliminar,18.07461725,1.62513006,0,0.263,3648,53,52,185.27,33.49,1,10894,328,20183
4,Paraguay,"DEN 1,2,4",2019,Out,53,Paraguay,600,01/01/2019,Preliminar,9.82981966,,0,0.076,1161,9,52,181.29,17.82,1,6515,,11811
3,Peru,"DEN 1,2,3,4",2019,Out,53,Perú,604,01/01/2019,Preliminar,,0.95082541,0,0.216,,37,52,52.83,,1,32449,163,17143
5,Puerto Rico,  ,2019,Out,53,Puerto Rico,630,01/01/2019,Preliminar,100,0,0,0,37,0,52,1.13,1.13,1,3288,0,37
6,Virgin Islands (US),  ,2019,Out,53,Islas Vírgenes (EUA),850,01/01/2019,Preliminar,,,0,,0,0,52,0,0,1,89,0,0
6,Saint Barthelemy,  ,2019,Out,53,San Bartolomé,652,01/01/2019,Preliminar,18.18181818,0,0,0,2,0,49,110,20,1,10,0,11
6,Saint Lucia,  ,2018,Out,53,Santa Lucía,662,01/01/2018,Preliminar,100,0,0,0,90,0,52,50.85,50.85,1,177,0,90
6,Saint Martin,DEN 1,2018,Out,53,Isla de San Martín (Francia),663,01/01/2018,Preliminar,8.653846154,0,0,0,9,0,52,288.89,25,1,36,0,104
6,Saint Vincent and the Grenadines,  ,2018,Out,53,San Vicente y las Granadinas,670,01/01/2018,Preliminar,100,0,0,0,4,0,52,3.85,3.85,1,104,0,4
6,Suriname,  ,2018,Out,53,Suriname,740,01/01/2018,final,0.81300813,0,0,0,1,0,52,20.53,0.17,1,599,0,123
6,Trinidad and Tobago,DEN 3,2018,Out,53,Trinidad y Tobago,780,01/01/2018,Preliminar,4.06504065,0,0,0,5,0,52,8.37,0.34,1,1470,0,123
6,Turks and Caicos Islands,  ,2018,Out,53,Islas Turcas y Caicos,796,01/01/2018,Preliminar,0,0,0,0,0,0,52,4.88,0,1,41,0,2
1,United States of America,  ,2023,Out,53,Estados Unidos de América,840,01/01/2023,Preliminar,100,0,0,0,156,0,52,0.05,0.05,1,343477,0,156
1,United States of America,  ,2024,Out,53,Estados Unidos de América,840,01/01/2024,Preliminar,100,1.95376099,0,0,3071,0,52,0.89,0.89,1,345426,60,3071
6,Saint Lucia,  ,2025,Out,53,Santa Lucía,662,01/01/2025,Preliminar,100,0,0,0,47,0,53,26.11,26.11,1,180,0,47
5,Cuba,"DEN 2,3,4",2025,Out,53,Cuba,192,01/01/2025,Preliminar,1.43685651,2.508797081,0,0.062,441,19,53,280.63,4.03,1,10937,770,30692
2,Panama,"DEN 1,2,3,4",2025,Out,53,Panamá,591,01/01/2025,Preliminar,82.09399768,0.61588167,0,0.141,16262,28,53,433.36,355.76,1,4571,122,19809
4,Uruguay,  ,2018,Out,53,Uruguay,858,01/01/2018,Preliminar,,,0,,0,0,52,0,0,1,3394,0,0
3,Venezuela,"DEN 1,2,3",2018,Out,53,Venezuela,862,01/01/2018,Preliminar,12.7628413,0.528297939,0,0.126,2440,24,52,64.14,8.19,1,29807,101,19118
6,Bermuda,  ,2019,Out,53,Bermuda,60,01/01/2019,Preliminar,100,0,0,0,2,0,44,3.13,3.13,1,64,0,2
6,French Guiana,"DEN 1,2",2019,Out,53,Guayana Francesa,254,01/01/2019,Preliminar,100,0,0,0,250,0,50,87.72,87.72,1,285,0,250
2,Belize,"DEN 1,2,3",2019,Out,53,Belice,84,01/01/2019,Preliminar,61.30363036,2.99779978,0,0,2229,0,52,944.42,578.96,1,385,109,3636
2,Panama,"DEN 1,3",2019,Out,53,Panamá,591,01/01/2019,Final,55.90577306,0.210130502,0,0.066,5055,6,52,213.56,119.39,1,4234,19,9042
6,Virgin Islands (UK),  ,2018,Out,53,Islas Vírgenes (RU),92,01/01/2018,Final,95,0,0,0,57,0,52,176.47,167.65,1,34,0,60
6,Saint Vincent and the Grenadines,  ,2019,Out,53,San Vicente y las Granadinas,670,01/01/2019,Preliminar,0,0,0,0,0,0,44,10.58,0,1,104,0,11
6,Trinidad and Tobago,"DEN 1,3",2019,Out,53,Trinidad y Tobago,780,01/01/2019,Preliminar,1.923076923,0,0,0,8,0,48,28.03,0.54,1,1484,0,416
6,Turks and Caicos Islands,DEN 1,2019,Out,53,Islas Turcas y Caicos,796,01/01/2019,Preliminar,5.263157895,0,0,0,1,0,40,44.19,2.33,1,43,0,19
4,Uruguay,  ,2019,Out,53,Uruguay,858,01/01/2019,Preliminar,,,0,,0,0,52,0,0,1,3397,0,0
3,Colombia,"DEN 1,2,3",2017,Out,53,Colombia,170,01/01/2017,Final,26.8311976,0.933396614,0,0.059,6784,15,52,52.53,14.09,1,48131,236,25284
2,Guatemala,"DEN 1,2,3,4",2015,Out,53,Guatemala,320,01/01/2015,Preliminar,6.572116671,0.267594327,0,0.048,1228,9,52,116.99,7.69,1,15971,50,18685
6,Saint Martin,DEN 4,2016,Out,53,Isla de San Martín (Francia),663,01/01/2016,Preliminar,1.142857143,0,0,0,4,0,49,945.95,10.81,1,37,0,350
4,Argentina,"DEN 1,4",2019,Out,53,Argentina,32,01/01/2019,Preliminar,53.41614907,0.279503106,0,0,1720,0,52,7.16,3.82,1,44973,9,3220
6,Anguilla,"DEN 1,3",2020,Out,53,Anguila,660,01/01/2020,Preliminar,33.33333333,0,0,0,2,0,32,42.86,14.29,1,14,0,6
6,Antigua and Barbuda,DEN 3,2020,Out,53,Antigua y Barbuda,28,01/01/2020,Preliminar,2.948402948,0,0,0,12,0,36,447.25,13.19,1,91,0,407
4,Argentina,"DEN 1,2,4",2020,Out,53,Argentina,32,01/01/2020,Preliminar,98.41133461,0.146568281,0,0.032,58415,19,48,131.35,129.26,1,45191,87,59358
6,Aruba,  ,2020,Out,53,Aruba,533,01/01/2020,Preliminar,36.36363636,0,0,0,4,0,48,10.28,3.74,1,107,0,11
6,Bahamas,  ,2020,Out,53,Bahamas,44,01/01/2020,Preliminar,0,0,0,0,0,0,24,0.76,0,1,395,0,3
6,Virgin Islands (UK),  ,2020,Out,53,Islas Vírgenes (RU),92,01/01/2020,Preliminar,100,0,0,0,44,0,44,118.92,118.92,1,37,0,44
5,Cuba,"DEN 1,2",2020,Out,53,Cuba,192,01/01/2020,Preliminar,100,0.070521862,0,,1418,,26,12.69,12.69,1,11176,1,1418
3,Bolivia,"DEN 1,2,3",2024,Out,53,Bolivia,68,01/01/2024,Preliminar,21.72665048,0.366866518,0,0.049,12792,29,52,474.32,103.05,1,12413,216,58877
6,Bermuda,  ,2025,Out,53,Bermuda,60,01/01/2025,Preliminar,0,0,0,0,0,0,48,1.56,0,1,64,0,1
2,Panama,"DEN 1,2,3,4",2024,Out,53,Panamá,591,01/01/2024,Preliminar,86.15669738,0.886358142,0,0.14,32077,52,52,824.61,710.45,1,4515,330,37231
3,Colombia,"DEN 1,2,3,4",2025,Out,53,Colombia,170,01/01/2025,Preliminar,69.43869436,0.991855753,0,0.099,86881,124,53,234.2,162.62,1,53425,1241,125119
3,Ecuador,"DEN 1,2,3",2025,Out,53,Ecuador,218,01/01/2025,Preliminar,100,0.96987315,0,0.172,37840,65,53,206.9,206.9,1,18289,367,37840
2,El Salvador,"DEN 1,2,3,4",2025,Out,53,El Salvador,222,01/01/2025,Preliminar,3.480198869,0.085719184,0,0.051,203,3,52,91.64,3.19,1,6365,5,5833
6,Montserrat,  ,2025,Out,53,Montserrat,500,01/01/2025,Preliminar,100,0,0,0,3,0,48,75,75,1,4,0,3
3,Ecuador,"DEN 1,2",2020,Out,53,Ecuador,218,01/01/2020,Preliminar,100,0.304659498,0,0.054,16740,9,52,95.41,95.41,1,17546,51,16740
6,French Guiana,"DEN 1,2,3",2020,Out,53,Guayana Francesa,254,01/01/2020,Preliminar,48.94394337,0.125585112,0,0.046,4287,4,50,"3,030.80","1,483.39",1,289,11,8759
6,Haiti,  ,2020,Out,53,Haití,332,01/01/2020,Preliminar,3.140773976,0,0,0,56,0,50,15.86,0.5,1,11243,0,1783
6,Montserrat,  ,2020,Out,53,Montserrat,500,01/01/2020,Preliminar,,,0,,0,0,10,0,0,1,4,0,0
4,Argentina,"DEN 1,2,4",2021,Out,53,Argentina,32,01/01/2021,Preliminar,100,0,0,0,3972,0,52,8.77,8.77,1,45312,0,3972
6,Grenada,  ,2021,Out,53,Granada,308,01/01/2021,Preliminar,100,0,0,0,230,0,48,198.28,198.28,1,116,0,230
2,Panama,"DEN 1,2",2021,Out,53,Panamá,591,01/01/2021,Final,69.43457189,0.193861066,0,0.065,2149,2,52,71.23,49.46,1,4345,6,3095
6,Virgin Islands (US),  ,2021,Out,53,Islas Vírgenes (EUA),850,01/01/2021,Preliminar,,,0,,0,0,52,0,0,1,87,0,0
4,Uruguay,  ,2021,Out,53,Uruguay,858,01/01/2021,Final,3.846153846,0,0,0,2,0,52,1.53,0.06,1,3396,0,52
3,Venezuela,"DEN 1,2,3",2021,Out,53,Venezuela,862,01/01/2021,Preliminar,4.438069524,0.489368883,0,0.135,263,8,52,20.99,0.93,1,28237,29,5926
6,Saint Lucia,"DEN 2,3",2020,Out,53,Santa Lucía,662,01/01/2020,Preliminar,100,0,0,0.228,1318,3,53,740.45,740.45,1,178,0,1318
1,Canada,  ,2020,Out,53,Canadá,124,01/01/2020,Preliminar,,,0,,0,0,53,0,0,1,38171,0,0
4,Chile,DEN 2,2020,Out,53,Chile,152,01/01/2020,Preliminar,100,0,0,0,9,0,53,0.05,0.05,1,19370,0,9
4,Uruguay,DEN 1,2020,Out,53,Uruguay,858,01/01/2020,Preliminar,100,0,0,0,4,0,53,0.12,0.12,1,3398,0,4
6,Virgin Islands (US),  ,2020,Out,53,Islas Vírgenes (EUA),850,01/01/2020,Preliminar,,,0,,0,0,53,0,0,1,87,0,0
5,Puerto Rico,  ,2020,Out,53,Puerto Rico,630,01/01/2020,Preliminar,93.10722101,3.282275711,0,0,851,0,53,27.91,25.98,1,3275,30,914
3,Colombia,"DEN 1,2,3,4",2020,Out,53,Colombia,170,01/01/2020,Preliminar,22.032439,1.135744945,0,0.07,17401,55,53,156,34.37,1,50629,897,78979
5,Dominican Republic,DEN 1,2020,Out,53,República Dominicana,214,01/01/2020,Preliminar,11.42785066,6.180625631,0,0.908,453,36,53,36.01,4.12,1,11008,245,3964
6,Jamaica,  ,2020,Out,53,Jamaica,388,01/01/2020,Preliminar,1.670378619,,0,0.111,15,1,53,31.73,0.53,1,2830,,898
3,Bolivia,"DEN 1,2",2020,Out,53,Bolivia,68,01/01/2020,Preliminar,13.18221416,0.62507297,0,0.037,14678,41,53,942.34,124.22,1,11816,696,111347
2,Nicaragua,DEN 2,2020,Out,53,Nicaragua,558,01/01/2020,Preliminar,2.333512502,0.129742554,0,0.002,1259,1,53,821.83,19.18,1,6565,70,53953
6,Saint Vincent and the Grenadines,DEN 3,2020,Out,53,San Vicente y las Granadinas,670,01/01/2020,IBS20-21,100,0.499064255,0,0.499,1603,8,53,"1,556.31","1,556.31",1,103,8,1603
2,Guatemala,"DEN 1,2,3,4",2020,Out,53,Guatemala,320,01/01/2020,Preliminar,14.28806584,0.296296296,0,0.165,868,10,53,35,5,1,17357,18,6075
6,Guyana,  ,2020,Out,53,Guyana,328,01/01/2020,Preliminar,100,0,0,0,1724,0,53,213.63,213.63,1,807,0,1724
6,Saint Lucia,  ,2022,Out,53,Santa Lucía,662,01/01/2022,Preliminar,100,0,0,0,15,0,52,8.43,8.43,1,178,0,15
6,Saint Martin,  ,2022,Out,53,Isla de San Martín (Francia),663,01/01/2022,Preliminar,0,0,0,0,0,0,49,125,0,1,28,0,35
6,Saint Vincent and the Grenadines,  ,2022,Out,53,San Vicente y las Granadinas,670,01/01/2022,Preliminar,64,0,0,0,16,0,52,24.51,15.69,1,102,0,25
6,Turks and Caicos Islands,DEN 1,2020,Out,53,Islas Turcas y Caicos,796,01/01/2020,Preliminar,16.1971831,0,0,0,23,0,44,322.73,52.27,1,44,0,142
3,Bolivia,"DEN 1,2",2019,Out,53,Bolivia,68,01/01/2019,Preliminar,36.78891279,0.510331716,0,0.15,7353,30,52,171.25,63,1,11671,102,19987
2,Nicaragua,DEN 2,2019,Out,53,Nicaragua,558,01/01/2019,Preliminar,5.686646291,0.649933127,0,0.016,10587,30,52,"2,871.71",163.3,1,6483,1210,186173
6,Barbados,  ,2021,Out,53,Barbados,52,01/01/2021,Final,29.6875,,0,0,133,0,52,158.87,47.16,1,282,,448
6,Guadeloupe,DEN 2,2021,Out,53,Guadalupe,312,01/01/2021,Preliminar,,0,0,0,,0,3,135.34,,1,399,0,540
2,Guatemala,"DEN 1,2,3,4",2021,Out,53,Guatemala,320,01/01/2021,Preliminar,30.58465698,0.540723217,0,0.203,905,6,52,16.81,5.14,1,17598,16,2959
6,Guyana,  ,2021,Out,53,Guyana,328,01/01/2021,Preliminar,100,0,0,0,4380,0,52,537.42,537.42,1,815,0,4380
6,Haiti,  ,2021,Out,53,Haití,332,01/01/2021,Preliminar,0.301683074,0,0,0,19,0,50,55.37,0.17,1,11374,0,6298
2,Honduras,"DEN 1,2,4",2021,Out,53,Honduras,340,01/01/2021,Preliminar,,5.270085557,0,0.041,,8,52,191.98,,1,10289,1041,19753
6,Jamaica,  ,2021,Out,53,Jamaica,388,01/01/2021,Preliminar,5.208333333,0,0,0,5,0,52,3.38,0.18,1,2837,0,96
6,Martinique,"DEN 1,2,3",2021,Out,53,Martinica,474,01/01/2021,Preliminar,4.193849021,0,0,0,45,0,11,303.97,12.75,1,353,0,1073
2,Mexico,"DEN 1,2,3,4",2021,Out,53,México,484,01/01/2021,Preliminar,18.36045942,0.816504273,0,0.106,6746,39,52,28.78,5.28,1,127648,300,36742
6,Montserrat,  ,2021,Out,53,Montserrat,500,01/01/2021,Preliminar,0,0,0,0,0,0,49,75,0,1,4,0,3
6,Aruba,  ,2021,Out,53,Aruba,533,01/01/2021,Preliminar,100,0,0,0,4,0,44,3.74,3.74,1,107,0,4
2,Nicaragua,DEN 2,2021,Out,53,Nicaragua,558,01/01/2021,Preliminar,1.401703819,0.05987861,0,0,515,0,52,553,7.75,1,6644,22,36741
4,Paraguay,"DEN 1,2,4",2021,Out,53,Paraguay,600,01/01/2021,Preliminar,4.699059005,,0,0.024,794,4,52,252.8,11.88,1,6684,,16897
3,Peru,"DEN 1,2",2021,Out,53,Perú,604,01/01/2021,Preliminar,77.64338191,0.290213906,0,0.079,38258,39,52,148.62,115.39,1,33155,143,49274
5,Puerto Rico,"DEN 1,2",2021,Out,53,Puerto Rico,630,01/01/2021,Preliminar,90.09433962,11.94968554,0,0.314,573,2,52,19.55,17.61,1,3253,76,636
6,Saint Barthelemy,DEN 1,2021,Out,53,San Bartolomé,652,01/01/2021,Preliminar,,0,0,0,,0,11,700,,1,10,0,70
6,Saint Kitts and Nevis,  ,2021,Out,53,Saint Kitts y Nevis,659,01/01/2021,Preliminar,,,0,,0,0,48,0,0,1,46,0,0
6,Saint Lucia,  ,2021,Out,53,Santa Lucía,662,01/01/2021,Preliminar,100,0,0,0,39,0,52,21.91,21.91,1,178,0,39
6,Saint Martin,DEN 1,2021,Out,53,Isla de San Martín (Francia),663,01/01/2021,Preliminar,,0,0,0,,0,11,593.1,,1,29,0,172
6,Saint Vincent and the Grenadines,  ,2021,Out,53,San Vicente y las Granadinas,670,01/01/2021,IBS20-21,100,0,0,0,152,0,52,149.02,149.02,1,102,0,152
6,Suriname,  ,2021,Out,53,Suriname,740,01/01/2021,Preliminar,80,0,0,0,8,0,51,1.62,1.3,1,617,0,10
6,Trinidad and Tobago,  ,2021,Out,53,Trinidad y Tobago,780,01/01/2021,Preliminar,0,0,0,0,0,0,49,1.34,0,1,1487,0,20
6,Turks and Caicos Islands,  ,2021,Out,53,Islas Turcas y Caicos,796,01/01/2021,Preliminar,100,0,0,0,4,0,44,8.89,8.89,1,45,0,4
2,El Salvador,DEN 2,2020,Out,53,El Salvador,222,01/01/2020,Preliminar,0.71559633,0.165137615,0,0,39,0,53,87.42,0.63,1,6234,9,5450
2,Nicaragua,"DEN 1,2,3,4",2024,Out,53,Nicaragua,558,01/01/2024,Preliminar,12.31770664,0.017387147,0,0.001,11335,1,52,"1,330.57",163.9,1,6916,16,92022
6,Guadeloupe,"DEN 2,3",2024,Out,53,Guadalupe,312,01/01/2024,Preliminar,9.868480726,0,0,0,1088,0,52,"2,940.00",290.13,1,375,0,11025
6,French Guiana,"DEN 1,2,3",2024,Out,53,Guayana Francesa,254,01/01/2024,Preliminar,53.2866613,0,0,0.05,8601,8,32,"5,240.58","2,792.53",1,308,0,16141
6,Martinique,DEN 2,2024,Out,53,Martinica,474,01/01/2024,Preliminar,3.079636413,0,0,0,227,0,52,"2,148.98",66.18,1,343,0,7371
6,Saint Martin,DEN 2,2024,Out,53,Isla de San Martín (Francia),663,01/01/2024,Preliminar,0.801282051,0,0,0,5,0,52,"2,400.00",19.23,1,26,0,624
6,Saint Barthelemy,DEN 2,2024,Out,53,San Bartolomé,652,01/01/2024,Preliminar,9.248554913,0,0,0,16,0,52,"1,572.73",145.45,1,11,0,173
2,Mexico,"DEN 1,2,3,4",2024,Out,53,México,484,01/01/2024,Preliminar,22.39615207,0.75405389,0,0.086,125160,478,52,427.05,95.64,1,130861,4214,558846
6,Saint Kitts and Nevis,  ,2024,Out,53,Saint Kitts y Nevis,659,01/01/2024,Preliminar,25.29644269,0,0,0,64,0,52,550,139.13,1,46,0,253
6,Antigua and Barbuda,  ,2022,Out,53,Antigua y Barbuda,28,01/01/2022,Final,0,0,0,0,0,0,52,52.17,0,1,92,0,48
4,Argentina,"DEN 1,2",2022,Out,53,Argentina,32,01/01/2022,Preliminar,100,0.475624257,0,0,841,0,52,1.85,1.85,1,45407,4,841
6,Barbados,  ,2022,Out,53,Barbados,52,01/01/2022,Preliminar,0,,0,0,0,0,52,120.21,0,1,282,,339
6,Bermuda,  ,2022,Out,53,Bermuda,60,01/01/2022,Preliminar,,,0,,0,0,48,0,0,1,64,0,0
3,Bolivia,"DEN 1,2",2022,Out,53,Bolivia,68,01/01/2022,Preliminar,21.91233068,0.314889789,0,0.05,4384,10,52,165.66,36.3,1,12077,63,20007
4,Brazil,"DEN 1,2,3,4",2022,Out,53,Brasil,76,01/01/2022,Preliminar,51.22763371,0.061349953,0,0.042,1210760,991,52,"1,123.83",575.71,1,210306,1450,2363490
2,Belize,  ,2022,Out,53,Belice,84,01/01/2022,Preliminar,3.75984252,0,0,0,191,0,52,"1,263.68",47.51,1,402,0,5080
6,Virgin Islands (UK),  ,2022,Out,53,Islas Vírgenes (RU),92,01/01/2022,Preliminar,100,7.407407407,0,0,27,0,52,71.05,71.05,1,38,2,27
1,Canada,  ,2022,Out,53,Canadá,124,01/01/2022,Preliminar,,,0,,0,0,52,0,0,1,38821,0,0
6,Cayman Islands,  ,2022,Out,53,Islas Caimán,136,01/01/2022,Preliminar,50,0,0,0,1,0,44,2.82,1.41,1,71,0,2
4,Chile,  ,2022,Out,53,Chile,152,01/01/2022,Preliminar,,,0,,0,0,52,0,0,1,19553,0,0
3,Colombia,"DEN 1,2,3,4",2022,Out,53,Colombia,170,01/01/2022,Preliminar,68.15545995,1.972747025,0,0.069,47366,48,52,134.33,91.55,1,51737,1371,69497
2,Costa Rica,"DEN 1,2,3,4",2022,Out,53,Costa Rica,188,01/01/2022,Preliminar,7.428189713,0,0,0,556,0,52,147.31,10.94,1,5081,0,7485
5,Cuba,"DEN 1,2,3,4",2022,Out,53,Cuba,192,01/01/2022,Preliminar,100,0.592885375,0,0.033,3036,1,26,27.45,27.45,1,11059,18,3036
6,Dominica,  ,2022,Out,53,Dominica,212,01/01/2022,Final,100,0,0,0,3,0,52,4.55,4.55,1,66,0,3
5,Dominican Republic,DEN 2,2022,Out,53,República Dominicana,214,01/01/2022,Preliminar,,2.587166172,0,0.362,,39,52,96.03,,1,11230,279,10784
3,Ecuador,"DEN 1,2",2022,Out,53,Ecuador,218,01/01/2022,Preliminar,100,0.695037191,0,0.073,16402,12,52,92.03,92.03,1,17823,114,16402
2,El Salvador,"DEN 1,2,3,4",2022,Out,53,El Salvador,222,01/01/2022,Preliminar,0.58034095,0.078587837,0,0,96,0,52,263.41,1.53,1,6280,13,16542
6,Grenada,  ,2022,Out,53,Granada,308,01/01/2022,Preliminar,43.00341297,2.389078498,0,0,126,0,52,252.59,108.62,1,116,7,293
6,Guadeloupe,  ,2022,Out,53,Guadalupe,312,01/01/2022,Preliminar,3.670886076,0,0,0,29,0,49,205.73,7.55,1,384,0,790
6,Aruba,  ,2024,Out,53,Aruba,533,01/01/2024,Preliminar,10.22727273,0,0,0,9,0,44,81.48,8.33,1,108,0,88
2,Guatemala,"DEN 1,2,3,4",2022,Out,53,Guatemala,320,01/01/2022,Preliminar,25.94411318,0.362445925,0,0.187,2219,16,52,47.92,12.43,1,17847,31,8553
6,Guyana,DEN 3,2022,Out,53,Guyana,328,01/01/2022,Preliminar,34.97586995,0,0,0,4131,0,52,"1,438.61",503.17,1,821,0,11811
6,Haiti,  ,2022,Out,53,Haití,332,01/01/2022,Preliminar,0.060313631,0,0,0,2,0,26,28.83,0.02,1,11503,0,3316
2,Honduras,"DEN 1,2,4",2022,Out,53,Honduras,340,01/01/2022,Preliminar,,1.720803568,0,0.036,,9,52,242.16,,1,10463,436,25337
6,Jamaica,  ,2022,Out,53,Jamaica,388,01/01/2022,Preliminar,0,0,0,0,0,0,52,3.52,0,1,2839,0,100
6,Martinique,  ,2022,Out,53,Martinica,474,01/01/2022,Preliminar,2.777777778,0,0,0,10,0,49,103.15,2.87,1,349,0,360
2,Mexico,"DEN 1,2,3,4",2022,Out,53,México,484,01/01/2022,Preliminar,21.14723455,0.6842685,0,0.088,12671,53,52,46.59,9.85,1,128613,410,59918
6,Montserrat,  ,2022,Out,53,Montserrat,500,01/01/2022,Preliminar,11.11111111,0,0,0,1,0,52,225,25,1,4,0,9
6,Aruba,  ,2022,Out,53,Aruba,533,01/01/2022,Preliminar,18.18181818,0,0,0,2,0,52,10.28,1.87,1,107,0,11
2,Costa Rica,"DEN 1,2,3,4",2023,Out,53,Costa Rica,188,01/01/2023,Preliminar,8.84857581,0.003262749,0,0,2712,0,52,600.37,53.12,1,5105,1,30649
2,Panama,"DEN 1,2",2022,Out,53,Panamá,591,01/01/2022,Final,74.85678482,0.187969925,0,0.045,8363,5,52,253.91,190.07,1,4400,21,11172
6,Guadeloupe,"DEN 1,2",2023,Out,53,Guadalupe,312,01/01/2023,Preliminar,7.624882989,0.382946132,0,0.06,896,7,52,"3,125.27",238.3,1,376,45,11751
3,Peru,"DEN 1,2",2022,Out,53,Perú,604,01/01/2022,Preliminar,73.76151323,0.314340229,0,0.115,53736,84,52,217.63,160.53,1,33475,229,72851
5,Puerto Rico,"DEN 1,2,3",2022,Out,53,Puerto Rico,630,01/01/2022,Preliminar,87.68328446,4.398826979,0,0.293,897,3,52,31.57,27.69,1,3240,45,1023
6,Saint Barthelemy,  ,2022,Out,53,San Bartolomé,652,01/01/2022,Preliminar,1.075268817,0,0,0,1,0,49,930,10,1,10,0,93
6,Saint Kitts and Nevis,  ,2022,Out,53,Saint Kitts y Nevis,659,01/01/2022,Preliminar,0,0,0,0,0,0,48,2.17,0,1,46,0,1
6,Suriname,  ,2022,Out,53,Suriname,740,01/01/2022,Preliminar,100,0,0,0,17,0,52,2.73,2.73,1,623,0,17
6,Trinidad and Tobago,  ,2022,Out,53,Trinidad y Tobago,780,01/01/2022,Preliminar,5.769230769,0,0,0,3,0,52,3.48,0.2,1,1495,0,52
6,Turks and Caicos Islands,  ,2022,Out,53,Islas Turcas y Caicos,796,01/01/2022,Preliminar,0,0,0,0,0,0,52,6.67,0,1,45,0,3
6,Virgin Islands (US),  ,2022,Out,53,Islas Vírgenes (EUA),850,01/01/2022,Preliminar,,,0,,0,0,52,0,0,1,86,0,0
4,Uruguay,  ,2022,Out,53,Uruguay,858,01/01/2022,Preliminar,25,0,0,0,20,0,52,2.36,0.59,1,3390,0,80
3,Venezuela,"DEN 1,2,3,4",2022,Out,53,Venezuela,862,01/01/2022,Preliminar,22.71890613,0.376895433,0,0.158,2592,18,52,40.44,9.19,1,28213,43,11409
3,Venezuela,"DEN 1,2,3,4",2015,Out,53,Venezuela,862,01/01/2015,Preliminar,25.55214951,0.520756389,0,0.166,13837,90,52,177.12,45.26,1,30573,282,54152
5,Puerto Rico,"DEN 1,2,3",2023,Out,53,Puerto Rico,630,01/01/2023,Preliminar,75.84541063,4.99194847,0,0,942,0,52,38.31,29.06,1,3242,62,1242
2,Honduras,"DEN 1,2,3,4",2023,Out,53,Honduras,340,01/01/2023,Preliminar,5.955349547,0.668876698,0,0.144,2030,49,52,320.25,19.07,1,10644,228,34087
2,Guatemala,"DEN 1,2,3,4",2023,Out,53,Guatemala,320,01/01/2023,Preliminar,10.06384919,0.216976699,0,0.164,7282,119,52,399.24,40.18,1,18124,157,72358
4,Argentina,"DEN 1,2,3",2023,Out,53,Argentina,32,01/01/2023,Preliminar,88.46631766,0.177221894,0,0.051,130287,75,52,323.41,286.11,1,45538,261,147273
6,Barbados,DEN 1,2015,Out,53,Barbados,52,01/01/2015,Final,24.25447316,0.198807157,0,0.199,122,1,52,180.94,43.88,1,278,1,503
6,Barbados,  ,2016,Out,53,Barbados,52,01/01/2016,Final,33.89145497,,0,0,587,0,52,620.79,210.39,1,279,,1732
4,Paraguay,"DEN 1,2",2023,Out,53,Paraguay,600,01/01/2023,Preliminar,23.62692989,0,0,0.038,14936,24,52,923.67,218.23,1,6844,0,63216
6,Virgin Islands (US),  ,2023,Out,53,Islas Vírgenes (EUA),850,01/01/2023,Preliminar,,,0,,0,0,52,0,0,1,85,0,0
1,Canada,  ,2023,Out,53,Canadá,124,01/01/2023,Preliminar,,,0,,0,0,52,0,0,1,39299,0,0
3,Venezuela,"DEN 1,2,3,4",2023,Out,53,Venezuela,862,01/01/2023,Preliminar,30.04782699,0.353503847,0,0.166,1445,8,21,16.99,5.11,1,28300,17,4809
3,Colombia,"DEN 1,2,3,4",2023,Out,53,Colombia,170,01/01/2023,Preliminar,72.52397863,1.300613125,0,0.068,95575,90,52,251.88,182.67,1,52321,1714,131784
6,Martinique,DEN 2,2023,Out,53,Martinica,474,01/01/2023,Preliminar,5.657527004,0.196389455,0,0.045,749,6,52,"3,826.30",216.47,1,346,26,13239
6,Saint Martin,  ,2023,Out,53,Isla de San Martín (Francia),663,01/01/2023,Preliminar,11.71383648,0,0,0,149,0,52,"4,711.11",551.85,1,27,0,1272
3,Bolivia,"DEN 1,2",2023,Out,53,Bolivia,68,01/01/2023,Preliminar,15.08655445,0.461749735,0,0.055,23949,88,52,"1,296.50",195.6,1,12244,733,158744
3,Colombia,"DEN 1,2,3,4",2024,Out,53,Colombia,170,01/01/2024,Preliminar,71.7700681,0.931204865,0,0.071,230369,229,52,606.93,435.6,1,52886,2989,320982
2,Nicaragua,"DEN 1,2,3,4",2023,Out,53,Nicaragua,558,01/01/2023,Preliminar,5.597031409,0.00993948,0,0.002,10136,4,52,"2,654.20",148.56,1,6823,18,181096
5,Dominican Republic,"DEN 1,2,3",2023,Out,53,República Dominicana,214,01/01/2023,Preliminar,2.977977978,0.682825683,0,0.222,833,62,52,246.86,7.35,1,11331,191,27972
4,Paraguay,"DEN 1,2",2022,Out,53,Paraguay,600,01/01/2022,Preliminar,2.625201939,0.350026925,0,0,195,0,52,109.88,2.88,1,6760,26,7428
4,Chile,  ,2023,Out,53,Chile,152,01/01/2023,Preliminar,,,0,,0,0,52,0,0,1,19658,0,0
2,Belize,  ,2023,Out,53,Belice,84,01/01/2023,Preliminar,41.88388626,0.177725118,0,0,707,0,52,410.71,172.02,1,411,3,1688
2,El Salvador,  ,2023,Out,53,El Salvador,222,01/01/2023,Preliminar,0.863856254,0.051831375,0,0,50,0,50,91.74,0.79,1,6309,3,5788
6,Anguilla,DEN 2,2023,Out,53,Anguila,660,01/01/2023,Preliminar,100,0,0,0,1,0,52,7.14,7.14,1,14,0,1
2,Panama,"DEN 1,2,3,4",2023,Out,53,Panamá,591,01/01/2023,Preliminar,79.22481361,0.234180845,0,0.086,16577,18,52,469.36,371.85,1,4458,49,20924
6,Saint Lucia,DEN 2,2023,Out,53,Santa Lucía,662,01/01/2023,Preliminar,100,0,0,0,60,0,52,33.52,33.52,1,179,0,60
4,Brazil,"DEN 1,2,3,4",2023,Out,53,Brasil,76,01/01/2023,Preliminar,46.24269799,0.053087718,0,0.039,1417218,1188,52,"1,451.52",671.22,1,211140,1627,3064739
6,Antigua and Barbuda,"DEN 1,2,3",2023,Out,53,Antigua y Barbuda,28,01/01/2023,Preliminar,13.77952756,0,0,0,35,0,52,273.12,37.63,1,93,0,254
6,Aruba,  ,2023,Out,53,Aruba,533,01/01/2023,Preliminar,59.09090909,0,0,0,13,0,48,20.56,12.15,1,107,0,22
6,Aruba,  ,2025,Out,53,Aruba,533,01/01/2025,Preliminar,21.42857143,0,0,0,3,0,44,12.96,2.78,1,108,0,14
2,Nicaragua,"DEN 1,2,3,4",2022,Out,53,Nicaragua,558,01/01/2022,Preliminar,4.633948801,0.035882347,0,0,4520,0,52,"1,449.35",67.16,1,6730,35,97541
6,Grenada,  ,2023,Out,53,Granada,308,01/01/2023,Preliminar,0,0.62992126,0,0.157,0,1,52,542.74,0,1,117,4,635
6,Saint Barthelemy,  ,2023,Out,53,San Bartolomé,652,01/01/2023,Preliminar,21.16689281,0,0,0,156,0,52,"6,700.00","1,418.18",1,11,0,737
6,Bahamas,  ,2023,Out,53,Bahamas,44,01/01/2023,Preliminar,100,0,0,0.412,243,1,52,60.9,60.9,1,399,0,243
6,Bermuda,  ,2023,Out,53,Bermuda,60,01/01/2023,Preliminar,100,0,0,0,1,0,48,1.56,1.56,1,64,0,1
6,Virgin Islands (UK),  ,2023,Out,53,Islas Vírgenes (RU),92,01/01/2023,Preliminar,100,0,0,0,7,0,52,18.42,18.42,1,38,0,7
6,Cayman Islands,  ,2023,Out,53,Islas Caimán,136,01/01/2023,Preliminar,100,0,0,0,42,0,52,57.53,57.53,1,73,0,42
6,Dominica,  ,2023,Out,53,Dominica,212,01/01/2023,Preliminar,0,0,0,0,0,0,52,634.85,0,1,66,0,419
6,Guyana,  ,2023,Out,53,Guyana,328,01/01/2023,Preliminar,29.08518929,4.418546456,0,0.143,8136,40,52,"3,386.56",984.99,1,826,1236,27973
6,Montserrat,DEN 2,2023,Out,53,Montserrat,500,01/01/2023,Preliminar,100,0,0,0,6,0,48,150,150,1,4,0,6
6,Saint Kitts and Nevis,"DEN 2,3",2023,Out,53,Saint Kitts y Nevis,659,01/01/2023,Preliminar,99.3006993,0,0,0.35,284,1,52,621.74,617.39,1,46,0,286
6,Sint Maarten,  ,2023,Out,53,Isla de San Martín (Holanda),534,01/01/2023,Preliminar,100,0,0,0,1,0,36,2.38,2.38,1,42,0,1
6,Saint Vincent and the Grenadines,  ,2023,Out,53,San Vicente y las Granadinas,670,01/01/2023,Preliminar,88.23529412,0,0,0,15,0,52,16.83,14.85,1,101,0,17
6,Turks and Caicos Islands,"DEN 2,3",2023,Out,53,Islas Turcas y Caicos,796,01/01/2023,Preliminar,58.79120879,0,0,0,107,0,44,395.65,232.61,1,46,0,182
6,Trinidad and Tobago,"DEN 2,3",2023,Out,53,Trinidad y Tobago,780,01/01/2023,Preliminar,15.07936508,0,0,0,19,0,52,8.39,1.26,1,1502,0,126
6,Grenada,DEN 2,2024,Out,53,Granada,308,01/01/2024,Preliminar,5.764411028,0.125313283,0,0,46,0,51,682.05,39.32,1,117,1,798
3,Ecuador,"DEN 1,2",2023,Out,53,Ecuador,218,01/01/2023,Preliminar,100,0.40134738,0,0.118,27906,33,52,155.21,155.21,1,17980,112,27906
4,Uruguay,  ,2023,Out,53,Uruguay,858,01/01/2023,Preliminar,100,0,0,0,48,0,52,1.42,1.42,1,3388,0,48
6,French Guiana,"DEN 2,3",2023,Out,53,Guayana Francesa,254,01/01/2023,Preliminar,100,0,0,0,2684,0,52,885.81,885.81,1,303,0,2684
2,Mexico,"DEN 1,2,3,4",2023,Out,53,México,484,01/01/2023,Preliminar,19.57310865,0.594683465,0,0.073,54406,203,52,214.25,41.93,1,129739,1653,277963
6,Saint Lucia,DEN 2,2024,Out,53,Santa Lucía,662,01/01/2024,Preliminar,100,0,0,0,432,0,52,241.34,241.34,1,179,0,432
6,Virgin Islands (US),  ,2024,Out,53,Islas Vírgenes (EUA),850,01/01/2024,Preliminar,100,0,0,0,185,0,52,220.24,220.24,1,84,0,185
1,Canada,  ,2024,Out,53,Canadá,124,01/01/2024,Preliminar,,,0,,0,0,52,0,0,1,39742,0,0
4,Paraguay,"DEN 1,2",2024,Out,53,Paraguay,600,01/01/2024,Preliminar,12.78935713,0,0,0.044,37829,129,52,"4,268.80",545.95,1,6929,0,295785
3,Peru,"DEN 1,2,3",2024,Out,53,Perú,604,01/01/2024,Preliminar,98.47015626,0.271055607,0,0.096,267377,261,52,793.56,781.42,1,34217,736,271531
6,Anguilla,  ,2024,Out,53,Anguila,660,01/01/2024,Preliminar,100,0,0,0,5,0,52,35.71,35.71,1,14,0,5
2,Belize,  ,2024,Out,53,Belice,84,01/01/2024,Preliminar,68.90243902,0.348432056,0,0,791,0,48,275.3,189.69,1,417,4,1148
4,Chile,DEN 1,2024,Out,53,Chile,152,01/01/2024,Preliminar,100,0,0,0,157,0,52,0.79,0.79,1,19764,0,157
6,Cayman Islands,  ,2024,Out,53,Islas Caimán,136,01/01/2024,Preliminar,100,0,0,0,9,0,52,12.16,12.16,1,74,0,9
5,Dominican Republic,"DEN 1,2,3",2024,Out,53,República Dominicana,214,01/01/2024,Preliminar,12.55339806,0.757281553,0,0.34,1293,35,52,90.14,11.32,1,11427,78,10300
6,Saint Vincent and the Grenadines,DEN 2,2024,Out,53,San Vicente y las Granadinas,670,01/01/2024,Preliminar,100,0,0,0,971,0,52,971,971,1,100,0,971
6,Virgin Islands (UK),  ,2024,Out,53,Islas Vírgenes (RU),92,01/01/2024,Preliminar,70.50359712,0,0,0,98,0,48,356.41,251.28,1,39,0,139
6,Trinidad and Tobago,  ,2025,Out,53,Trinidad y Tobago,780,01/01/2025,Preliminar,4.109589041,0,0,0,3,0,52,4.83,0.2,1,1511,0,73
2,Nicaragua,  ,2025,Out,53,Nicaragua,558,01/01/2025,Preliminar,16.06453876,0,0,0,916,0,4,81.38,13.07,1,7007,0,5702
6,Virgin Islands (UK),  ,2025,Out,53,Islas Vírgenes (RU),92,01/01/2025,Preliminar,100,0,0,0,46,0,48,117.95,117.95,1,39,0,46
6,Saint Vincent and the Grenadines,  ,2025,Out,53,San Vicente y las Granadinas,670,01/01/2025,Preliminar,100,0,0,0,8,0,52,8.08,8.08,1,99,0,8
1,Canada,  ,2025,Out,53,Canadá,124,01/01/2025,Preliminar,,,0,,0,0,52,0,0,1,40126,0,0
6,Cayman Islands,  ,2025,Out,53,Islas Caimán,136,01/01/2025,Preliminar,,,0,,0,0,52,0,0,1,75,0,0
6,Saint Martin,  ,2025,Out,53,Isla de San Martín (Francia),663,01/01/2025,Preliminar,0.934579439,0,0,0,2,0,52,891.67,8.33,1,24,0,214
5,Cuba,"DEN 2,3,4",2024,Out,53,Cuba,192,01/01/2024,Preliminar,100,1.015228426,0,0,985,0,31,8.97,8.97,1,10979,10,985
6,French Guiana,"DEN 2,3",2025,Out,53,Guayana Francesa,254,01/01/2025,Preliminar,100,,0,,318,,52,101.6,101.6,1,313,,318
6,Saint Martin,  ,2026,Out,53,Isla de San Martín (Francia),663,01/01/2026,Preliminar,0,0,0,0,0,0,13,17.39,0,1,23,0,4
5,Dominican Republic,"DEN 1,3",2025,Out,53,República Dominicana,214,01/01/2025,Preliminar,16.21084038,0.94480358,0,0,326,0,52,17.46,2.83,1,11520,19,2011
6,Martinique,DEN 3,2026,Out,53,Martinica,474,01/01/2026,Preliminar,55.40138751,0,0,0,559,0,13,299.41,165.88,1,337,0,1009
3,Colombia,  ,2026,Out,53,Colombia,170,01/01/2026,Preliminar,65.91826371,1.077165691,0,0.061,24662,23,17,69.37,45.72,1,53936,403,37413
2,Belize,  ,2026,Out,53,Belice,84,01/01/2026,Preliminar,34.06940063,0,0,0,108,0,15,74.07,25.23,1,428,0,317
6,Antigua and Barbuda,  ,2026,Out,53,Antigua y Barbuda,28,01/01/2026,Preliminar,100,0,0,0,4,0,12,4.26,4.26,1,94,0,4
3,Bolivia,"DEN 1,2",2026,Out,53,Bolivia,68,01/01/2026,Preliminar,0.931341175,0.882787844,0,0.002,422,1,16,355.41,3.31,1,12749,400,45311
6,Saint Kitts and Nevis,  ,2025,Out,53,Saint Kitts y Nevis,659,01/01/2025,Preliminar,45.45454546,0,0,0,5,0,52,23.91,10.87,1,46,0,11
6,Martinique,  ,2025,Out,53,Martinica,474,01/01/2025,Preliminar,19.53125,0,0,0,250,0,52,376.47,73.53,1,340,0,1280
6,Guadeloupe,DEN 3,2025,Out,53,Guadalupe,312,01/01/2025,Preliminar,0.843881857,0,0,0,44,0,52,"1,397.86",11.8,1,373,0,5214
4,Uruguay,  ,2026,Out,53,Uruguay,858,01/01/2026,Preliminar,,,0,,0,0,16,0,0,1,3382,0,0
6,Trinidad and Tobago,  ,2026,Out,53,Trinidad y Tobago,780,01/01/2026,Preliminar,10.34482759,0,0,0,3,0,12,1.92,0.2,1,1513,0,29
4,Brazil,"DEN 1,2,3,4",2024,Out,53,Brasil,76,01/01/2024,Preliminar,58.18556505,0.083479308,0,0.062,5973340,6321,52,"4,842.51","2,817.64",1,211998,8570,10266017
6,Saint Barthelemy,  ,2026,Out,53,San Bartolomé,652,01/01/2026,Preliminar,,,0,,0,0,13,0,0,1,11,0,0
6,Virgin Islands (UK),  ,2026,Out,53,Islas Vírgenes (RU),92,01/01/2026,Preliminar,100,0,0,0,3,0,12,7.69,7.69,1,39,0,3
5,Dominican Republic,  ,2026,Out,53,República Dominicana,214,01/01/2026,Preliminar,22.28412256,0.557103064,0,0,80,0,16,3.09,0.69,1,11609,2,359
6,Guyana,  ,2026,Out,53,Guyana,328,01/01/2026,Preliminar,25.95653505,0.979491889,0,0,5088,0,11,"2,333.57",605.71,1,840,192,19602
4,Argentina,DEN 2,2026,Out,53,Argentina,32,01/01/2026,Preliminar,100,0,0,0,44,0,17,0.1,0.1,1,46003,0,44
1,Canada,  ,2026,Out,53,Canadá,124,01/01/2026,Preliminar,,,0,,0,0,17,0,0,1,40467,0,0
6,Suriname,  ,2025,Out,53,Suriname,740,01/01/2025,Preliminar,20.4112719,0,0,0.152,268,2,50,205.48,41.94,1,639,0,1313
6,Virgin Islands (US),  ,2025,Out,53,Islas Vírgenes (EUA),850,01/01/2025,Preliminar,100,0,0,0,47,0,52,55.95,55.95,1,84,0,47
4,Brazil,"DEN 1,2,3,4",2025,Out,53,Brasil,76,01/01/2025,Preliminar,38.33250269,0.067677579,0,0.048,1469805,1826,53,"1,801.76",690.66,1,212812,2595,3834357
6,Saint Barthelemy,  ,2025,Out,53,San Bartolomé,652,01/01/2025,Preliminar,15,0,0,0,3,0,52,181.82,27.27,1,11,0,20
6,Bermuda,  ,2026,Out,53,Bermuda,60,01/01/2026,Preliminar,0,0,0,0,0,0,12,1.56,0,1,64,0,1
5,Puerto Rico,  ,2026,Out,53,Puerto Rico,630,01/01/2026,Preliminar,79.34560327,4.703476483,0,0.204,388,1,15,15.18,12.04,1,3222,23,489
1,United States of America,  ,2016,Out,53,Estados Unidos de América,840,01/01/2016,Final,100,0,0,0,990,0,52,0.3,0.3,1,329179,0,990
1,United States of America,  ,2014,Out,53,Estados Unidos de América,840,01/01/2014,Final,100,0,0,0,668,0,53,0.21,0.21,1,323115,0,668
6,Jamaica,  ,2026,Out,53,Jamaica,388,01/01/2026,Preliminar,1.052631579,0,0,0,1,0,16,3.35,0.04,1,2833,0,95
2,Honduras,"DEN 1,3",2026,Out,53,Honduras,340,01/01/2026,Preliminar,4.017063633,1.350870956,0,0,113,0,16,25.15,1.01,1,11184,38,2813
6,Guadeloupe,  ,2026,Out,53,Guadalupe,312,01/01/2026,Preliminar,20.13422819,0,0,0,60,0,13,80.11,16.13,1,372,0,298
2,Honduras,"DEN 1,3",2025,Out,53,Honduras,340,01/01/2025,Preliminar,2.752187932,1.324274528,0,0.046,478,8,53,157.82,4.34,1,11005,230,17368
4,Uruguay,  ,2025,Out,53,Uruguay,858,01/01/2025,Preliminar,100,0,0,0,7,0,53,0.21,0.21,1,3384,0,7
6,Jamaica,  ,2025,Out,53,Jamaica,388,01/01/2025,Preliminar,0.166112957,0,0,0,1,0,53,21.22,0.04,1,2837,0,602
6,Barbados,  ,2025,Out,53,Barbados,52,01/01/2025,Preliminar,0.561797753,0,0,0,1,0,53,63.12,0.35,1,282,0,178
3,Bolivia,"DEN 1,2",2025,Out,53,Bolivia,68,01/01/2025,Preliminar,3.568423267,0.533817187,0,0.008,1357,3,53,302.27,10.79,1,12581,203,38028
6,Cayman Islands,  ,2026,Out,53,Islas Caimán,136,01/01/2026,Preliminar,,,0,,0,0,12,0,0,1,77,0,0
2,Guatemala,"DEN 1,2,3",2026,Out,53,Guatemala,320,01/01/2026,Preliminar,5.688187669,0,0,0,274,0,15,25.4,1.44,1,18967,0,4817
6,French Guiana,DEN 3,2026,Out,53,Guayana Francesa,254,01/01/2026,Preliminar,100,0,0,0,4,0,10,1.26,1.26,1,318,0,4
6,Saint Vincent and the Grenadines,  ,2026,Out,53,San Vicente y las Granadinas,670,01/01/2026,Preliminar,100,0,0,0,3,0,19,3.03,3.03,1,99,0,3
4,Chile,DEN 1,2026,Out,53,Chile,152,01/01/2026,Preliminar,100,0,0,0,17,0,17,0.09,0.09,1,19945,0,17
1,United States of America,  ,2026,Out,53,Estados Unidos de América,840,01/01/2026,Preliminar,100,1.904761905,0,0,105,0,17,0.03,0.03,1,349035,2,105
6,Turks and Caicos Islands,  ,2026,Out,53,Islas Turcas y Caicos,796,01/01/2026,Preliminar,100,0,0,0,8,0,12,17.02,17.02,1,47,0,8
6,Suriname,  ,2026,Out,53,Suriname,740,01/01/2026,Preliminar,2.798982188,0,0,0,11,0,17,60.93,1.71,1,645,0,393
6,Grenada,  ,2026,Out,53,Granada,308,01/01/2026,Preliminar,100,0,0,0,58,0,17,49.57,49.57,1,117,0,58
3,Ecuador,"DEN 2,3",2026,Out,53,Ecuador,218,01/01/2026,Preliminar,100,0.827951648,0,0.099,12078,12,18,65.48,65.48,1,18444,100,12078
6,Virgin Islands (US),  ,2026,Out,53,Islas Vírgenes (EUA),850,01/01/2026,Preliminar,,,0,,0,0,17,0,0,1,83,0,0
6,Anguilla,  ,2026,Out,53,Anguila,660,01/01/2026,Preliminar,,,0,,0,0,12,0,0,1,14,0,0
2,Mexico,"DEN 2,3,4",2026,Out,53,México,484,01/01/2026,Preliminar,9.403609038,0.381012859,0,0.021,1777,4,17,14.21,1.34,1,132997,72,18897
2,Costa Rica,"DEN 1,3",2026,Out,53,Costa Rica,188,01/01/2026,Preliminar,55.95105673,0,0,0,503,0,17,17.38,9.72,1,5174,0,899
6,Saint Kitts and Nevis,  ,2026,Out,53,Saint Kitts y Nevis,659,01/01/2026,Preliminar,7.692307692,0,0,0,1,0,13,28.26,2.17,1,46,0,13
6,Saint Lucia,  ,2026,Out,53,Santa Lucía,662,01/01/2026,Preliminar,100,0,0,0,4,0,17,2.22,2.22,1,180,0,4
2,El Salvador,DEN 3,2026,Out,53,El Salvador,222,01/01/2026,Preliminar,0.729040097,0,0,0,12,0,15,25.75,0.19,1,6391,0,1646
4,Brazil,"DEN 1,2,3,4",2026,Out,53,Brasil,76,01/01/2026,Preliminar,21.91342879,0.03962982,0,0.016,164780,118,18,352.1,77.16,1,213562,298,751959
3,Peru,"DEN 1,2,3",2026,Out,53,Perú,604,01/01/2026,Preliminar,64.64524273,0.447062536,0,0.11,12291,21,17,54.44,35.2,1,34922,85,19013
4,Paraguay,"DEN 1,2,3",2026,Out,53,Paraguay,600,01/01/2026,Preliminar,2.494618209,0,0,0,197,0,18,111.3,2.78,1,7095,0,7897
6,Montserrat,  ,2026,Out,53,Montserrat,500,01/01/2026,Preliminar,,,0,,0,0,8,0,0,1,4,0,0
2,Panama,  ,2026,Out,53,Panamá,591,01/01/2026,Preliminar,74.09186431,0.570399279,0,0.21,2468,7,18,72.02,53.36,1,4625,19,3331
6,Curaçao,  ,2022,Out,53,Curazao,531,01/01/2022,Preliminar,,,0,,,,-,,,1,185,,
6,Haiti,  ,2025,Out,53,Haití,332,01/01/2025,Preliminar,,,0,,,,-,,,1,11906,,
5,Cuba,  ,2026,Out,53,Cuba,192,01/01/2026,Preliminar,,,0,,,,-,,,1,10892,,
5,Cuba,  ,2023,Out,53,Cuba,192,01/01/2023,Preliminar,,,0,,,,-,,,1,11019,,
6,Bahamas,  ,2022,Out,53,Bahamas,44,01/01/2022,Preliminar,,,0,,,,-,,,1,397,,
6,Curaçao,  ,2025,Out,53,Curazao,531,01/01/2025,Preliminar,,,0,,,,-,,,1,185,,
6,"Bonaire, Saint Eustatius and Saba",  ,2022,Out,53,"Bonaire, San Eustaquio y Saba",535,01/01/2022,Preliminar,,,0,,,,-,,,1,28,,
6,Bahamas,  ,2025,Out,53,Bahamas,44,01/01/2025,Preliminar,,,0,,,,-,,,1,403,,
6,Haiti,  ,2017,Out,53,Haití,332,01/01/2017,Preliminar,,,0,,,,-,,,1,10817,,
6,Haiti,  ,2014,Out,53,Haití,332,01/01/2014,Preliminar,,,0,,,,-,,,1,10373,,
6,Aruba,  ,2026,Out,53,Aruba,533,01/01/2026,Preliminar,,,0,,,,-,,,1,108,,
6,Sint Maarten,  ,2021,Out,53,Isla de San Martín (Holanda),534,01/01/2021,Preliminar,,,0,,,,-,,,1,41,,
6,"Bonaire, Saint Eustatius and Saba",  ,2014,Out,53,"Bonaire, San Eustaquio y Saba",535,01/01/2014,Preliminar,,,0,,,,-,,,1,24,,
6,"Bonaire, Saint Eustatius and Saba",  ,2017,Out,53,"Bonaire, San Eustaquio y Saba",535,01/01/2017,Preliminar,,,0,,,,-,,,1,24,,
6,Anguilla,  ,2022,Out,53,Anguila,660,01/01/2022,Preliminar,,,0,,,,-,,,1,14,,
6,French Guiana,  ,2022,Out,53,Guayana Francesa,254,01/01/2022,Preliminar,,,0,,,,-,,,1,298,,
6,"Bonaire, Saint Eustatius and Saba",  ,2025,Out,53,"Bonaire, San Eustaquio y Saba",535,01/01/2025,Preliminar,,,0,,,,-,,,1,31,,
6,Sint Maarten,  ,2022,Out,53,Isla de San Martín (Holanda),534,01/01/2022,Preliminar,,,0,,,,-,,,1,42,,
3,Venezuela,  ,2024,Out,53,Venezuela,862,01/01/2024,Preliminar,,,0,,,,-,,,1,28405,,
6,Haiti,  ,2016,Out,53,Haití,332,01/01/2016,Preliminar,,,0,,,,-,,,1,10671,,
6,"Bonaire, Saint Eustatius and Saba",  ,2026,Out,53,"Bonaire, San Eustaquio y Saba",535,01/01/2026,Preliminar,,,0,,,,-,,,1,31,,
3,Venezuela,  ,2025,Out,53,Venezuela,862,01/01/2025,Preliminar,,,0,,,,-,,,1,28516,,
6,"Bonaire, Saint Eustatius and Saba",  ,2023,Out,53,"Bonaire, San Eustaquio y Saba",535,01/01/2023,Preliminar,,,0,,,,-,,,1,29,,
2,Nicaragua,  ,2026,Out,53,Nicaragua,558,01/01/2026,Preliminar,,,0,,,,-,,,1,7097,,
6,Bahamas,  ,2026,Out,53,Bahamas,44,01/01/2026,Preliminar,,,0,,,,-,,,1,404,,
6,Curaçao,  ,2021,Out,53,Curazao,531,01/01/2021,Preliminar,,,0,,,,-,,,1,185,,
6,Haiti,  ,2024,Out,53,Haití,332,01/01/2024,Preliminar,,,0,,,,-,,,1,11772,,
6,Haiti,  ,2023,Out,53,Haití,332,01/01/2023,Preliminar,,,0,,,,-,,,1,11637,,
6,"Bonaire, Saint Eustatius and Saba",  ,2021,Out,53,"Bonaire, San Eustaquio y Saba",535,01/01/2021,Preliminar,,,0,,,,-,,,1,27,,
3,Venezuela,  ,2026,Out,53,Venezuela,862,01/01/2026,Preliminar,,,0,,,,-,,,1,28633,,
6,Curaçao,  ,2023,Out,53,Curazao,531,01/01/2023,Preliminar,,,0,,,,-,,,1,185,,
6,Bahamas,  ,2021,Out,53,Bahamas,44,01/01/2021,Preliminar,,,0,,,,-,,,1,396,,
6,Sint Maarten,  ,2026,Out,53,Isla de San Martín (Holanda),534,01/01/2026,Preliminar,,,0,,,,-,,,1,44,,
6,Curaçao,  ,2026,Out,53,Curazao,531,01/01/2026,Preliminar,,,0,,,,-,,,1,185,,
6,Anguilla,  ,2021,Out,53,Anguila,660,01/01/2021,Preliminar,,,0,,,,-,,,1,14,,
6,Haiti,  ,2026,Out,53,Haití,332,01/01/2026,Preliminar,,,0,,,,-,,,1,12037,,
1,North America,  ,2019,In,53,América del Norte,,01/01/2019,Preliminar,100,1.813471503,0,0,1158,0,-,0.31,0.31,1,375572,21,1158
1,North America,  ,2024,In,53,América del Norte,,01/01/2024,Preliminar,100,1.95376099,0,0,3071,0,-,0.8,0.8,1,385168,60,3071
2,Central America Ithsmus and Mexico,  ,2018,In,53,Istmo Centroamericano y México,,01/01/2018,Preliminar,13.00601528,1.324987807,0,0.051,22400,87,-,99.38,12.93,1,173306,2282,172228
4,Southern Cone,  ,2022,In,53,Cono Sur,,01/01/2022,Preliminar,51.09183212,0.062398839,0,0.042,1211816,991,-,831.01,424.58,1,285416,1480,2371839
5,Latin Caribbean,  ,2020,In,53,Caribe Latino,,01/01/2020,Preliminar,43.23379924,4.383735705,0,0.572,2722,36,-,24.73,10.69,1,25459,276,6296
3,Andean Subregion,  ,2022,In,53,Subregión Andina,,01/01/2022,Preliminar,65.45859933,0.95705857,0,0.09,124480,172,-,132.68,86.85,1,143325,1820,190166
6,Non-Latin Caribbean,  ,2025,In,53,Caribe No Latino,,01/01/2025,Preliminar,20.45953645,2.898768964,0,0.011,16304,9,-,384.92,78.75,1,20703,2310,79689
5,Latin Caribbean,  ,2017,In,53,Caribe Latino,,01/01/2017,Preliminar,48.48716967,4.098046725,0,0.115,1266,3,-,10.33,5.01,1,25284,107,2611
2,Central America Ithsmus and Mexico,  ,2022,In,53,Istmo Centroamericano y México,,01/01/2022,Preliminar,12.35429223,0.408413491,0,0.036,28616,83,-,128.81,15.91,1,179816,946,231628
1,North America,  ,2020,In,53,América del Norte,,01/01/2020,Preliminar,100,0,0,0,307,0,-,0.08,0.08,1,377607,0,307
4,Southern Cone,  ,2017,In,53,Cono Sur,,01/01/2017,Preliminar,30.93720328,0.055748388,0,0.028,157049,144,-,183.08,56.64,1,277275,283,507638
1,North America,  ,2016,In,53,América del Norte,,01/01/2016,Preliminar,100,0,0,0,990,0,-,0.27,0.27,1,365532,0,990
6,Non-Latin Caribbean,  ,2019,In,53,Caribe No Latino,,01/01/2019,Preliminar,11.66566446,0.090198437,0,0.15,1940,25,-,83.67,9.76,1,19875,15,16630
3,Andean Subregion,  ,2017,In,53,Subregión Andina,,01/01/2017,Preliminar,36.49373201,0.709814017,0,0.086,47917,113,-,95.06,34.69,1,138123,932,131302
4,Southern Cone,  ,2025,In,53,Cono Sur,,01/01/2025,Preliminar,38.09020236,0.068028472,0,0.047,1479297,1840,-,"1,344.21",512.01,1,288919,2642,3883668
6,Non-Latin Caribbean,  ,2014,In,53,Caribe No Latino,,01/01/2014,Preliminar,42.74862481,0.261940103,0,0.026,4896,3,-,60.56,25.89,1,18911,30,11453
1,North America,  ,2026,In,53,América del Norte,,01/01/2026,Preliminar,100,1.904761905,0,0,105,0,-,0.03,0.03,1,389502,2,105
2,Central America Ithsmus and Mexico,  ,2023,In,53,Istmo Centroamericano y México,,01/01/2023,Preliminar,15.03475286,0.338161853,0,0.063,93900,393,-,343.89,51.7,1,181613,2112,624553
3,Andean Subregion,  ,2021,In,53,Subregión Andina,,01/01/2021,Preliminar,65.82181371,0.886588985,0,0.081,90946,112,-,97.17,63.96,1,142199,1225,138170
2,Central America Ithsmus and Mexico,  ,2017,In,53,Istmo Centroamericano y México,,01/01/2017,Preliminar,12.45763677,0.32101162,0,0.034,22974,62,-,107.55,13.4,1,171468,592,184417
4,Southern Cone,  ,2021,In,53,Cono Sur,,01/01/2021,Preliminar,42.04376778,0.037234229,0,0.024,418922,243,-,350.35,147.3,1,284398,371,996395
2,Central America Ithsmus and Mexico,  ,2026,In,53,Istmo Centroamericano y México,,01/01/2026,Preliminar,16.06051345,0.394254279,0,0.034,5255,11,-,17.51,2.81,1,186863,129,32720
5,Latin Caribbean,  ,2021,In,53,Caribe Latino,,01/01/2021,Preliminar,11.58426561,4.853843378,0,0.505,642,28,-,21.74,2.52,1,25498,269,5542
3,Andean Subregion,  ,2025,In,53,Subregión Andina,,01/01/2025,Preliminar,66.75242925,0.834311693,0,0.103,160338,248,-,162.97,108.79,1,147387,2004,240198
5,Latin Caribbean,  ,2016,In,53,Caribe Latino,,01/01/2016,Preliminar,23.17030871,7.746560296,0,0.451,2004,39,-,34.2,7.92,1,25292,670,8649
5,Latin Caribbean,  ,2026,In,53,Caribe Latino,,01/01/2026,Preliminar,55.18867925,2.948113208,0,0.118,468,1,-,3.3,1.82,1,25723,25,848
3,Andean Subregion,  ,2026,In,53,Subregión Andina,,01/01/2026,Preliminar,43.45033607,0.868075385,0,0.05,49453,57,-,76.55,33.26,1,148684,988,113815
6,Non-Latin Caribbean,  ,2022,In,53,Caribe No Latino,,01/01/2022,Preliminar,25.26801153,0.051873199,0,0,4384,0,-,85.41,21.58,1,20313,9,17350
6,Non-Latin Caribbean,  ,2023,In,53,Caribe No Latino,,01/01/2023,Preliminar,23.17353413,1.899090922,0,0.094,16034,65,-,338.09,78.35,1,20465,1314,69191
2,Central America Ithsmus and Mexico,  ,2021,In,53,Istmo Centroamericano y México,,01/01/2021,Preliminar,9.369043417,1.23632192,0,0.049,10617,55,-,63.58,5.96,1,178233,1401,113320
1,North America,  ,2023,In,53,América del Norte,,01/01/2023,Preliminar,100,0,0,0,156,0,-,0.04,0.04,1,382776,0,156
1,North America,  ,2015,In,53,América del Norte,,01/01/2015,Preliminar,100,0.634920635,0,0,945,0,-,0.26,0.26,1,362088,6,945
6,Non-Latin Caribbean,  ,2018,In,53,Caribe No Latino,,01/01/2018,Preliminar,29.95124924,2.224253504,0,0.396,983,13,-,16.67,4.99,1,19684,73,3282
5,Latin Caribbean,  ,2025,In,53,Caribe Latino,,01/01/2025,Preliminar,9.186052968,2.548442618,0,0.058,3309,21,-,140.21,12.88,1,25692,918,36022
3,Andean Subregion,  ,2016,In,53,Subregión Andina,,01/01/2016,Preliminar,41.81612577,0.593204502,0,0.068,87269,142,-,152.61,63.82,1,136753,1238,208697
4,Southern Cone,  ,2018,In,53,Cono Sur,,01/01/2018,Preliminar,36.53762497,0.065655386,0,0.035,181421,175,-,177.67,64.91,1,279475,326,496532
4,Southern Cone,  ,2026,In,53,Cono Sur,,01/01/2026,Preliminar,21.71789814,0.039214809,0,0.016,165038,118,-,262.05,56.91,1,289987,298,759917
3,Andean Subregion,  ,2020,In,53,Subregión Andina,,01/01/2020,Preliminar,31.37304252,0.665109686,0,0.077,84764,207,-,191.25,60,1,141273,1797,270181
4,Southern Cone,  ,2020,In,53,Cono Sur,,01/01/2020,Preliminar,50.59901331,0.061818151,0,0.037,885632,648,-,617.99,312.7,1,283222,1082,1750295
1,North America,  ,2025,In,53,América del Norte,,01/01/2025,Preliminar,100,2.168256722,0,0,1153,0,-,0.3,0.3,1,387401,25,1153
5,Latin Caribbean,  ,2024,In,53,Caribe Latino,,01/01/2024,Preliminar,41.56449663,2.031888563,0,0.248,7221,43,-,67.74,28.15,1,25648,353,17373
2,Central America Ithsmus and Mexico,  ,2020,In,53,Istmo Centroamericano y México,,01/01/2020,Preliminar,12.82237014,1.313110345,0,0.047,29031,106,-,128.07,16.42,1,176791,2973,226409
5,Latin Caribbean,  ,2015,In,53,Caribe Latino,,01/01/2015,Preliminar,8.482966126,8.997379404,0,0.519,1748,107,-,81.67,6.93,1,25230,1854,20606
6,Non-Latin Caribbean,  ,2024,In,53,Caribe No Latino,,01/01/2024,Preliminar,29.51891588,1.36617746,0,0.043,26771,39,-,441.21,130.24,1,20555,1239,90691
2,Central America Ithsmus and Mexico,  ,2025,In,53,Istmo Centroamericano y México,,01/01/2025,Preliminar,18.22932641,0.45208857,0,0.051,45766,129,-,135.59,24.72,1,185155,1135,251057
3,Andean Subregion,  ,2024,In,53,Subregión Andina,,01/01/2024,Preliminar,80.23934118,0.596529132,0,0.083,571938,594,-,488.03,391.59,1,146056,4252,712790
1,North America,  ,2014,In,53,América del Norte,,01/01/2014,Preliminar,100,0,0,0,668,0,-,0.19,0.19,1,358749,0,668
6,Non-Latin Caribbean,  ,2021,In,53,Caribe No Latino,,01/01/2021,Preliminar,34.97880665,0,0,0,5364,0,-,76.01,26.59,1,20174,0,15335
1,North America,  ,2022,In,53,América del Norte,,01/01/2022,Preliminar,100,1.557093426,0,0,1156,0,-,0.3,0.3,1,380355,18,1156
3,Andean Subregion,  ,2019,In,53,Subregión Andina,,01/01/2019,Preliminar,24.88974904,0.940702433,0,0.095,47070,179,-,134.79,33.55,1,140305,1779,189114
4,Southern Cone,  ,2024,In,53,Cono Sur,,01/01/2024,Preliminar,55.63989094,0.091308328,0,0.062,6200875,6860,-,"3,872.73","2,154.78",1,287773,10176,11144657
4,Southern Cone,  ,2016,In,53,Cono Sur,,01/01/2016,Preliminar,45.6890074,0.042570517,0,0.031,1082914,733,-,861.84,393.77,1,275013,1009,2370185
3,Andean Subregion,  ,2015,In,53,Subregión Andina,,01/01/2015,Preliminar,35.03525322,0.768734986,0,0.115,89692,295,-,189.24,66.3,1,135279,1968,256005
2,Central America Ithsmus and Mexico,  ,2024,In,53,Istmo Centroamericano y México,,01/01/2024,Preliminar,17.12057885,0.648215467,0,0.082,187445,895,-,596.95,102.2,1,183407,7097,1094852
6,Non-Latin Caribbean,  ,2015,In,53,Caribe No Latino,,01/01/2015,Preliminar,23.63707674,0.013073604,0,0.052,1808,4,-,40.1,9.48,1,19073,1,7649
6,Non-Latin Caribbean,  ,2016,In,53,Caribe No Latino,,01/01/2016,Preliminar,19.44028454,1.497566455,0,0.019,2077,2,-,55.49,10.79,1,19255,160,10684
5,Latin Caribbean,  ,2023,In,53,Caribe Latino,,01/01/2023,Preliminar,6.075854043,0.86602314,0,0.212,1775,62,-,114.15,6.94,1,25592,253,29214
6,Non-Latin Caribbean,  ,2017,In,53,Caribe No Latino,,01/01/2017,Preliminar,13.98188263,0.748326113,0,0.118,710,6,-,26.1,3.65,1,19459,38,5078
4,Southern Cone,  ,2019,In,53,Cono Sur,,01/01/2019,Preliminar,57.15465867,0.066088539,0,0.038,1293770,849,-,804.03,459.54,1,281537,1496,2263630
2,Central America Ithsmus and Mexico,  ,2019,In,53,Istmo Centroamericano y México,,01/01/2019,Preliminar,9.309408505,3.576064307,0,0.104,63975,717,-,392.4,36.53,1,175131,24575,687208
5,Latin Caribbean,  ,2014,In,53,Caribe Latino,,01/01/2014,Preliminar,17.26634985,2.410047522,0,0.351,3052,62,-,70.24,12.13,1,25165,426,17676
6,Non-Latin Caribbean,  ,2026,In,53,Caribe No Latino,,01/01/2026,Preliminar,26.95680416,0.890827263,0,0,5810,0,-,103.39,27.87,1,20847,192,21553
3,Andean Subregion,  ,2023,In,53,Subregión Andina,,01/01/2023,Preliminar,69.06208828,0.61960668,0,0.114,400480,663,-,400.78,276.78,1,144690,3593,579884
5,Latin Caribbean,  ,2019,In,53,Caribe Latino,,01/01/2019,Preliminar,28.19540866,1.409770433,0,0.226,6620,53,-,92.5,26.08,1,25384,331,23479
3,Andean Subregion,  ,2014,In,53,Subregión Andina,,01/01/2014,Preliminar,31.11913986,1.335559926,0,0.052,78639,131,-,188.84,58.77,1,133817,3375,252703
4,Southern Cone,  ,2014,In,53,Cono Sur,,01/01/2014,Preliminar,37.00566187,0.114825759,0,0.069,223660,415,-,223.52,82.72,1,270398,694,604394
5,Latin Caribbean,  ,2018,In,53,Caribe Latino,,01/01/2018,Preliminar,61.04177971,3.011394466,0,0.027,2250,1,-,14.57,8.89,1,25299,111,3686
2,Central America Ithsmus and Mexico,  ,2016,In,53,Istmo Centroamericano y México,,01/01/2016,Preliminar,9.670959099,0.485974409,0,0.022,28298,64,-,172.51,16.68,1,169622,1422,292608
1,North America,  ,2021,In,53,América del Norte,,01/01/2021,Preliminar,100,0.877192982,0,0,114,0,-,0.03,0.03,1,378615,1,114
5,Latin Caribbean,  ,2022,In,53,Caribe Latino,,01/01/2022,Preliminar,26.49733881,2.304116419,0,0.29,3933,43,-,58.14,15.41,1,25529,342,14843
6,Non-Latin Caribbean,  ,2020,In,53,Caribe No Latino,,01/01/2020,Preliminar,31.37942951,0.106334902,0,0.049,23608,37,-,375.79,117.92,1,20020,80,75234
4,Southern Cone,  ,2023,In,53,Cono Sur,,01/01/2023,Preliminar,47.70556741,0.057643997,0,0.039,1562489,1287,-,"1,142.93",545.24,1,286568,1888,3275276
3,Andean Subregion,  ,2018,In,53,Subregión Andina,,01/01/2018,Preliminar,9.778577461,0.904539835,0,0.084,7989,69,-,58.66,5.74,1,139285,739,81699
2,Central America Ithsmus and Mexico,  ,2015,In,53,Istmo Centroamericano y México,,01/01/2015,Preliminar,11.05709343,1.752842313,0,0.02,44737,81,-,241.2,26.67,1,167746,7092,404600
1,North America,  ,2018,In,53,América del Norte,,01/01/2018,Preliminar,100,1.812688822,0,0,331,0,-,0.09,0.09,1,372351,6,331
4,Southern Cone,  ,2015,In,53,Cono Sur,,01/01/2015,Preliminar,29.46024149,0.092018806,0,0.05,507445,868,-,631.58,186.06,1,272726,1585,1722474
1,North America,  ,2017,In,53,América del Norte,,01/01/2017,Preliminar,100,1.986754967,0,0,453,0,-,0.12,0.12,1,369012,9,453
2,Central America Ithsmus and Mexico,  ,2014,In,53,Istmo Centroamericano y México,,01/01/2014,Preliminar,18.75976384,3.871722561,0,0.024,55479,72,-,178.41,33.47,1,165763,11450,295734
7,The Americas,  ,2022,In,53,Las Américas,,01/01/2022,Preliminar,48.61668734,0.163248298,0,0.046,1374385,1289,-,273.2,132.82,1,1034754,4615,2826982
7,The Americas,  ,2019,In,53,Las Américas,,01/01/2019,Preliminar,44.46512485,0.886987032,0,0.057,1414533,1823,-,312.56,138.98,1,1017804,28217,3181219
7,The Americas,  ,2025,In,53,Las Américas,,01/01/2025,Preliminar,37.98414751,0.201122627,0,0.05,1706167,2247,-,425.66,161.68,1,1055257,9034,4491787
7,The Americas,  ,2020,In,53,Las Américas,,01/01/2020,Preliminar,44.06124905,0.266583989,0,0.044,1026064,1034,-,227.33,100.17,1,1024372,6208,2328722
7,The Americas,  ,2017,In,53,Las Américas,,01/01/2017,Preliminar,27.70526483,0.235839129,0,0.039,230369,328,-,83.1,23.02,1,1000621,1961,831499
7,The Americas,  ,2014,In,53,Las Américas,,01/01/2014,Preliminar,30.98133986,1.350805156,0,0.058,366394,683,-,121.57,37.66,1,972803,15975,1182628
7,The Americas,  ,2026,In,53,Las Américas,,01/01/2026,Preliminar,24.34221999,0.175896004,0,0.02,226129,187,-,87.5,21.3,1,1061606,1634,928958
7,The Americas,  ,2023,In,53,Las Américas,,01/01/2023,Preliminar,45.31913118,0.2000754,0,0.054,2074834,2470,-,439.5,199.18,1,1041704,9160,4578274
7,The Americas,  ,2015,In,53,Las Américas,,01/01/2015,Preliminar,26.79520072,0.518430911,0,0.056,646375,1355,-,245.61,65.81,1,982142,12506,2412279
7,The Americas,  ,2018,In,53,Las Américas,,01/01/2018,Preliminar,28.42253068,0.466771713,0,0.046,215374,345,-,75.07,21.34,1,1009400,3537,757758
7,The Americas,  ,2021,In,53,Las Américas,,01/01/2021,Preliminar,41.50169126,0.257471967,0,0.035,526605,438,-,123.3,51.17,1,1029117,3267,1268876
7,The Americas,  ,2024,In,53,Las Américas,,01/01/2024,Preliminar,53.56417769,0.177418893,0,0.065,6997321,8431,-,"1,245.79",667.3,1,1048607,23177,13063434
7,The Americas,  ,2016,In,53,Las Américas,,01/01/2016,Preliminar,41.61928866,0.155577141,0,0.034,1203552,980,-,291.67,121.39,1,991467,4499,2891813
